geo,year,houses_completed_thousands,sqft_under_1400,sqft_1400_1799,sqft_1800_2399,sqft_2400_2999,sqft_3000_3999,sqft_4000_plus,garage_1_car,garage_2_car,garage_3_plus_car,carport,no_garage_or_carport,any_garage,basement_full_or_partial,slab_or_other,crawl_space,baths_1_5_or_less,baths_2,baths_2_5,baths_3_plus,heat_forced_air_furnace,heat_pump_total,heat_pump_air_source,heat_pump_ground_source,heat_hot_water_or_steam,heat_other_or_none,with_ac,without_ac,no_fireplace,fireplace_1,fireplace_2_plus,median_sqft,average_sqft,stories_1,stories_2,stories_3_plus,lot_under_7000,lot_7000_8999,lot_9000_10999,lot_11000_21999,lot_22000_plus,with_basement_total,laundry_in_basement,with_basement_laundry_first_floor,with_basement_laundry_higher_floor,without_basement_total,without_basement_laundry_first_floor,without_basement_laundry_higher_floor,with_foyer_total,with_foyer_2_stories,with_foyer_3_plus,without_foyer_total,without_foyer_2_stories,without_foyer_3_plus,patio_only,porch_only,deck_only,patio_and_porch,porch_and_deck,patio_and_deck,patio_porch_and_deck,no_outdoor_feature,any_patio,any_porch,any_deck,bedrooms_2_or_less,bedrooms_3,bedrooms_4_plus
Midwest,1971,208.0,,,,,,,15.0,53.0,,3.0,29.0,68.0,72.0,13.0,14.0,,,,,,,,,,,,,,,,,,,,,,,,,,,,,,,,,,,,,,,,,,,,,,,,,,,,
Midwest,1972,231.0,,,,,,,15.0,57.0,,3.0,24.0,73.0,74.0,13.0,13.0,,,,,,,,,,,,,,,,,,,,,,,,,,,,,,,,,,,,,,,,,,,,,,,,,,,,
Midwest,1973,262.0,,,,,,,14.0,63.0,,3.0,21.0,76.0,76.0,11.0,13.0,56.0,25.0,18.0,,75.0,,,,5.0,19.0,35.0,65.0,62.0,33.0,4.0,1445.0,1615.0,,,,,,,,,,,,,,,,,,,,,,,,,,,,,,,,,12.0,68.0,21.0
Midwest,1974,220.0,,,,,,,14.0,66.0,,,19.0,,80.0,8.0,12.0,51.0,29.0,21.0,,71.0,,,,6.0,24.0,36.0,64.0,55.0,39.0,6.0,1490.0,1660.0,,,,,,,,,,,,,,,,,,,,,,,,,,,,,,,,,13.0,64.0,23.0
Midwest,1975,218.0,,,,,,,11.0,64.0,,2.0,24.0,74.0,79.0,8.0,13.0,54.0,28.0,18.0,,72.0,,,,5.0,22.0,35.0,65.0,53.0,42.0,6.0,1460.0,1580.0,,,,,,,,,,,,,,,,,,,,,,,,,,,,,,,,,17.0,65.0,19.0
Midwest,1976,271.0,,,,,,,11.0,69.0,,1.0,19.0,80.0,81.0,8.0,12.0,48.0,31.0,22.0,,75.0,,,,4.0,21.0,40.0,60.0,50.0,44.0,6.0,1495.0,1655.0,,,,,,,,,,,,,,,,,,,,,,,,,,,,,,,,,13.0,67.0,20.0
Midwest,1977,300.0,,,,,,,11.0,69.0,,1.0,19.0,80.0,83.0,6.0,11.0,46.0,32.0,22.0,,75.0,,,,4.0,21.0,44.0,56.0,47.0,47.0,7.0,1540.0,1650.0,,,,,,,,,,,,,,,,,,,,,,,,,,,,,,,,,11.0,69.0,20.0
Midwest,1978,300.0,,,,,,,10.0,72.0,,1.0,16.0,83.0,82.0,8.0,10.0,41.0,33.0,26.0,,65.0,18.0,,,5.0,12.0,47.0,53.0,43.0,50.0,7.0,1615.0,1730.0,,,,,,,,,,,,,,,,,,,,,,,,,,,,,,,,,13.0,66.0,22.0
Midwest,1979,294.0,,,,,,,10.0,74.0,,2.0,15.0,83.0,81.0,9.0,11.0,39.0,34.0,27.0,,69.0,15.0,,,5.0,11.0,47.0,53.0,43.0,51.0,6.0,1605.0,1720.0,,,,,,,,,,,,,,,,,,,,,,,,,,,,,,,,,15.0,64.0,22.0
Midwest,1980,170.0,,,,,,,12.0,66.0,,2.0,20.0,78.0,77.0,11.0,12.0,41.0,33.0,26.0,,69.0,12.0,,,5.0,14.0,45.0,55.0,51.0,43.0,7.0,1520.0,1685.0,,,,,,,,,,,,,,,,,,,,,,,,,,,,,,,,,20.0,62.0,18.0
Midwest,1981,140.0,,,,,,,15.0,61.0,,,23.0,,77.0,10.0,13.0,43.0,31.0,26.0,,70.0,11.0,,,4.0,15.0,48.0,52.0,53.0,40.0,7.0,1480.0,1670.0,,,,,,,,,,,,,,,,,,,,,,,,,,,,,,,,,25.0,56.0,19.0
Midwest,1982,92.0,,,,,,,21.0,54.0,,,23.0,,73.0,13.0,14.0,50.0,28.0,22.0,,66.0,7.0,,,3.0,23.0,43.0,57.0,58.0,38.0,4.0,1405.0,1655.0,,,,,,,,,,,,,,,,,,,,,,,,,,,,,,,,,30.0,53.0,17.0
Midwest,1983,142.0,,,,,,,13.0,65.0,,2.0,20.0,78.0,74.0,13.0,13.0,43.0,31.0,27.0,,72.0,11.0,,,3.0,14.0,50.0,50.0,55.0,41.0,5.0,1515.0,1735.0,,,,,,,,,,,,,,,,,,,,,,,,,,,,,,,,,29.0,52.0,19.0
Midwest,1984,156.0,,,,,,,14.0,70.0,,,15.0,,78.0,12.0,11.0,36.0,32.0,31.0,,78.0,8.0,,,3.0,11.0,55.0,45.0,46.0,48.0,6.0,1600.0,1800.0,,,,,,,,,,,,,,,,,,,,,,,,,,,,,,,,,25.0,54.0,21.0
Midwest,1985,151.0,,,,,,,13.0,73.0,,,13.0,,77.0,11.0,13.0,33.0,36.0,31.0,,80.0,10.0,,,3.0,8.0,59.0,41.0,45.0,47.0,8.0,1625.0,1820.0,,,,,,,,,,,,,,,,,,,,,,,,,,,,,,,,,24.0,55.0,20.0
Midwest,1986,170.0,,,,,,,10.0,79.0,,,11.0,,77.0,11.0,12.0,27.0,37.0,36.0,,83.0,9.0,,,2.0,6.0,62.0,38.0,42.0,53.0,5.0,1685.0,1855.0,,,,,,,,,,,,,,,,,,,,,,,,,,,,,,,,,20.0,57.0,23.0
Midwest,1987,201.0,,,,,,,10.0,80.0,,,10.0,,77.0,13.0,11.0,25.0,35.0,28.0,13.0,87.0,6.0,,,2.0,5.0,67.0,33.0,41.0,53.0,6.0,1740.0,1890.0,,,,,,,,,,,,,,,,,,,,,,,,,,,,,,,,,18.0,57.0,25.0
Midwest,1988,191.0,,,,,,,7.0,84.0,,,8.0,,81.0,9.0,11.0,20.0,35.0,31.0,14.0,88.0,6.0,,,2.0,4.0,71.0,29.0,37.0,56.0,7.0,1840.0,2015.0,,,,,,,,,,,,,,,,,,,,,,,,,,,,,,,,,16.0,56.0,28.0
Midwest,1989,191.0,,,,,,,8.0,83.0,,,8.0,,79.0,10.0,11.0,22.0,34.0,30.0,14.0,89.0,5.0,,,2.0,5.0,73.0,27.0,40.0,52.0,8.0,1800.0,1970.0,,,,,,,,,,,,,,,,,,,,,,,,,,,,,,,,,16.0,57.0,27.0
Midwest,1990,195.0,,,,,,,8.0,83.0,,,9.0,,81.0,8.0,11.0,18.0,36.0,29.0,16.0,89.0,5.0,,,2.0,4.0,75.0,25.0,39.0,54.0,6.0,1850.0,2005.0,,,,,,,,,,,,,,,,,,,,,,,,,,,,,,,,,15.0,57.0,27.0
Midwest,1991,185.0,,,,,,,8.0,83.0,,,9.0,,80.0,8.0,12.0,20.0,36.0,30.0,14.0,87.0,6.0,,,2.0,5.0,75.0,25.0,41.0,53.0,6.0,1800.0,1990.0,,,,,,,,,,,,,,,,,,,,,,,,,,,,,,,,,16.0,58.0,26.0
Midwest,1992,218.0,,,,,,,5.0,69.0,16.0,,9.0,,82.0,8.0,11.0,21.0,30.0,37.0,12.0,85.0,9.0,,,2.0,4.0,77.0,23.0,41.0,54.0,6.0,1870.0,2020.0,,,,,,,,,,,,,,,,,,,,,,,,,,,,,,,,,15.0,57.0,28.0
Midwest,1993,232.0,,,,,,,4.0,67.0,18.0,,10.0,,80.0,9.0,10.0,19.0,33.0,36.0,12.0,86.0,8.0,,,2.0,4.0,78.0,22.0,41.0,54.0,6.0,1855.0,2025.0,,,,,,,,,,,,,,,,,,,,,,,,,,,,,,,,,15.0,57.0,28.0
Midwest,1994,255.0,,,,,,,5.0,67.0,19.0,,9.0,,78.0,10.0,11.0,17.0,33.0,38.0,13.0,85.0,9.0,,,2.0,3.0,80.0,20.0,39.0,55.0,5.0,1850.0,2025.0,,,,,,,,,,,,,,,,,,,,,,,,,,,,,,,,,15.0,56.0,29.0
Midwest,1995,232.0,,,,,,,6.0,64.0,20.0,,9.0,,79.0,10.0,11.0,18.0,31.0,38.0,13.0,87.0,8.0,,,2.0,3.0,80.0,20.0,39.0,56.0,5.0,1850.0,2020.0,,,,,,,,,,,,,,,,,,,,,,,,,,,,,,,,,17.0,54.0,28.0
Midwest,1996,245.0,,,,,,,6.0,64.0,21.0,,9.0,,76.0,11.0,12.0,17.0,33.0,39.0,11.0,89.0,7.0,,,2.0,2.0,83.0,17.0,40.0,57.0,3.0,1900.0,2025.0,,,,,,,,,,,,,,,,,,,,,,,,,,,,,,,,,17.0,56.0,27.0
Midwest,1997,236.0,,,,,,,6.0,64.0,22.0,,9.0,,76.0,13.0,12.0,15.0,34.0,38.0,14.0,90.0,6.0,,,2.0,2.0,84.0,16.0,40.0,56.0,4.0,1900.0,2065.0,,,,,,,,,,,,,,,,,,,,,,,,,,,,,,,,,18.0,55.0,27.0
Midwest,1998,244.0,,,,,,,3.0,65.0,23.0,,9.0,,81.0,10.0,9.0,12.0,35.0,40.0,14.0,90.0,6.0,,,2.0,2.0,85.0,15.0,37.0,58.0,5.0,1945.0,2125.0,,,,,,,,,,,,,,,,,,,,,,,,,,,,,,,,,16.0,54.0,30.0
Midwest,1999,276.0,19.0,23.0,28.0,16.0,11.0,4.0,4.0,63.0,23.0,,10.0,,78.0,14.0,8.0,13.0,33.0,39.0,15.0,91.0,5.0,,,2.0,2.0,87.0,13.0,36.0,58.0,6.0,1937.0,2135.0,,,,,,,,,,,,,,,,,,,,,,,,,,,,,,,,,18.0,52.0,30.0
Midwest,2000,269.0,16.0,24.0,30.0,14.0,12.0,4.0,4.0,63.0,25.0,,7.0,,79.0,13.0,8.0,11.0,33.0,40.0,16.0,90.0,5.0,4.0,1.0,2.0,2.0,89.0,11.0,35.0,59.0,5.0,1971.0,2170.0,,,,,,,,,,,,,,,,,,,,,,,,,,,,,,,,,17.0,53.0,31.0
Midwest,2001,261.0,16.0,23.0,28.0,16.0,12.0,5.0,4.0,61.0,27.0,,8.0,,75.0,15.0,10.0,12.0,32.0,40.0,16.0,89.0,7.0,5.0,2.0,3.0,2.0,88.0,12.0,41.0,53.0,5.0,1965.0,2209.0,,,,,,,,,,,,,,,,,,,,,,,,,,,,,,,,,17.0,54.0,29.0
Midwest,2002,272.0,15.0,25.0,27.0,16.0,11.0,5.0,3.0,62.0,28.0,,7.0,,75.0,17.0,8.0,12.0,34.0,38.0,17.0,90.0,6.0,5.0,1.0,2.0,2.0,89.0,11.0,40.0,55.0,5.0,1979.0,2209.0,,,,,,,,,,,,,,,,,,,,,,,,,,,,,,,,,18.0,54.0,28.0
Midwest,2003,274.0,17.0,23.0,27.0,16.0,13.0,4.0,3.0,59.0,31.0,,7.0,,75.0,18.0,7.0,11.0,32.0,39.0,18.0,91.0,6.0,4.0,2.0,2.0,2.0,92.0,8.0,38.0,56.0,7.0,1998.0,2198.0,,,,,,,,,,,,,,,,,,,,,,,,,,,,,,,,,21.0,50.0,30.0
Midwest,2004,304.0,15.0,25.0,27.0,16.0,12.0,5.0,5.0,57.0,32.0,,5.0,,76.0,17.0,6.0,11.0,33.0,35.0,21.0,90.0,7.0,6.0,1.0,2.0,1.0,93.0,7.0,39.0,56.0,5.0,1993.0,2222.0,,,,,,,,,,,,,,,,,,,,,,,,,,,,,,,,,20.0,51.0,29.0
Midwest,2005,307.0,13.0,24.0,27.0,16.0,13.0,6.0,5.0,57.0,32.0,,6.0,,79.0,16.0,6.0,9.0,33.0,37.0,21.0,88.0,9.0,8.0,2.0,2.0,1.0,92.0,8.0,41.0,54.0,5.0,2054.0,2310.0,,,,,,,,,,,,,,,,,,,,,,,,,,,,,,,,,20.0,49.0,32.0
Midwest,2006,285.0,15.0,23.0,26.0,16.0,13.0,6.0,6.0,57.0,29.0,,8.0,,75.0,21.0,5.0,13.0,34.0,33.0,20.0,83.0,11.0,9.0,2.0,4.0,2.0,88.0,12.0,46.0,49.0,5.0,2035.0,2290.0,,,,,,,,,,,,,,,,,,,,,,,,,,,,,,,,,22.0,49.0,28.0
Midwest,2007,189.0,14.0,22.0,29.0,15.0,13.0,8.0,4.0,55.0,32.0,,9.0,,74.0,20.0,6.0,12.0,34.0,32.0,22.0,81.0,12.0,10.0,3.0,3.0,4.0,88.0,12.0,48.0,45.0,6.0,2064.0,2328.0,,,,,,,,,,,,,,,,,,,,,,,,,,,,,,,,,20.0,50.0,30.0
Midwest,2008,139.0,16.0,23.0,26.0,15.0,12.0,8.0,5.0,53.0,31.0,,11.0,,75.0,20.0,4.0,13.0,36.0,29.0,22.0,78.0,14.0,10.0,4.0,4.0,4.0,88.0,12.0,46.0,47.0,8.0,2019.0,2331.0,,,,,,,,,,,,,,,,,,,,,,,,,,,,,,,,,22.0,51.0,27.0
Midwest,2009,89.0,17.0,25.0,26.0,16.0,10.0,7.0,7.0,54.0,30.0,,10.0,,70.0,25.0,5.0,14.0,36.0,29.0,20.0,70.0,20.0,12.0,8.0,5.0,5.0,90.0,10.0,48.0,44.0,9.0,1931.0,2216.0,57.0,41.0,2.0,12.0,17.0,11.0,23.0,37.0,70.0,16.0,48.0,6.0,30.0,26.0,3.0,15.0,15.0,1.0,85.0,26.0,1.0,,,,,,,,,,,,22.0,53.0,25.0
Midwest,2010,82.0,15.0,25.0,27.0,16.0,10.0,7.0,3.0,54.0,31.0,,12.0,,73.0,23.0,5.0,13.0,38.0,27.0,22.0,70.0,21.0,13.0,8.0,5.0,5.0,88.0,12.0,50.0,43.0,7.0,2001.0,2265.0,60.0,38.0,1.0,11.0,13.0,17.0,24.0,36.0,73.0,16.0,49.0,7.0,27.0,25.0,2.0,13.0,13.0,,87.0,25.0,1.0,9.0,20.0,11.0,17.0,14.0,3.0,6.0,19.0,35.0,57.0,34.0,19.0,53.0,29.0
Midwest,2011,76.0,18.0,22.0,24.0,15.0,13.0,7.0,5.0,53.0,30.0,1.0,10.0,89.0,71.0,23.0,6.0,14.0,38.0,25.0,24.0,71.0,20.0,13.0,7.0,4.0,6.0,91.0,9.0,52.0,40.0,8.0,2015.0,2287.0,59.0,40.0,1.0,13.0,15.0,14.0,25.0,34.0,71.0,17.0,47.0,7.0,29.0,25.0,2.0,16.0,16.0,,84.0,25.0,1.0,9.0,22.0,12.0,18.0,14.0,3.0,6.0,16.0,36.0,60.0,35.0,22.0,45.0,33.0
Midwest,2012,85.0,17.0,19.0,25.0,18.0,14.0,7.0,6.0,50.0,35.0,1.0,8.0,91.0,71.0,24.0,5.0,14.0,34.0,27.0,26.0,75.0,19.0,13.0,6.0,3.0,4.0,93.0,7.0,51.0,42.0,7.0,2150.0,2341.0,56.0,43.0,1.0,14.0,15.0,14.0,27.0,30.0,71.0,17.0,45.0,9.0,29.0,26.0,2.0,15.0,15.0,,85.0,28.0,1.0,10.0,27.0,10.0,17.0,12.0,2.0,7.0,15.0,36.0,63.0,31.0,22.0,46.0,31.0
Midwest,2013,96.0,14.0,19.0,26.0,19.0,14.0,8.0,5.0,49.0,38.0,,8.0,,72.0,22.0,6.0,12.0,32.0,29.0,27.0,79.0,15.0,11.0,4.0,2.0,4.0,94.0,6.0,50.0,44.0,6.0,2177.0,2398.0,51.0,48.0,1.0,17.0,13.0,14.0,28.0,29.0,72.0,12.0,48.0,11.0,28.0,23.0,3.0,14.0,14.0,,86.0,34.0,1.0,9.0,25.0,11.0,19.0,11.0,3.0,6.0,14.0,37.0,61.0,31.0,18.0,48.0,34.0
Midwest,2014,103.0,10.0,17.0,23.0,20.0,20.0,9.0,3.0,46.0,42.0,,9.0,,73.0,23.0,5.0,7.0,33.0,30.0,30.0,74.0,20.0,16.0,5.0,3.0,3.0,94.0,6.0,44.0,50.0,6.0,2400.0,2574.0,52.0,47.0,1.0,11.0,14.0,13.0,30.0,32.0,73.0,8.0,51.0,13.0,27.0,23.0,3.0,16.0,15.0,,84.0,32.0,,8.0,24.0,10.0,18.0,11.0,3.0,8.0,17.0,37.0,61.0,32.0,16.0,46.0,37.0
Midwest,2015,103.0,11.0,18.0,24.0,20.0,18.0,9.0,4.0,46.0,42.0,,8.0,,73.0,22.0,5.0,8.0,34.0,30.0,29.0,76.0,19.0,16.0,3.0,2.0,3.0,94.0,6.0,44.0,51.0,5.0,2320.0,2526.0,51.0,48.0,1.0,13.0,14.0,12.0,30.0,31.0,73.0,9.0,48.0,14.0,27.0,23.0,3.0,17.0,17.0,,83.0,31.0,1.0,9.0,27.0,9.0,17.0,12.0,3.0,10.0,14.0,39.0,66.0,34.0,17.0,47.0,36.0
Midwest,2016,117.0,12.0,19.0,24.0,19.0,18.0,9.0,4.0,46.0,42.0,,8.0,,71.0,24.0,5.0,9.0,33.0,30.0,29.0,76.0,18.0,15.0,3.0,3.0,3.0,94.0,6.0,46.0,48.0,6.0,2297.0,2474.0,55.0,44.0,1.0,12.0,21.0,12.0,26.0,29.0,71.0,9.0,48.0,13.0,29.0,23.0,3.0,14.0,14.0,,86.0,30.0,1.0,9.0,25.0,10.0,19.0,12.0,3.0,8.0,14.0,39.0,64.0,33.0,17.0,48.0,35.0
Midwest,2017,121.0,12.0,21.0,23.0,18.0,18.0,8.0,3.0,51.0,39.0,,7.0,,68.0,27.0,5.0,8.0,34.0,30.0,29.0,81.0,15.0,13.0,2.0,3.0,2.0,95.0,5.0,47.0,48.0,5.0,2254.0,2446.0,54.0,44.0,1.0,13.0,23.0,12.0,24.0,29.0,68.0,8.0,45.0,13.0,32.0,26.0,5.0,13.0,12.0,,87.0,32.0,1.0,9.0,23.0,11.0,21.0,11.0,3.0,9.0,14.0,42.0,64.0,34.0,18.0,46.0,36.0
Midwest,2018,124.0,14.0,19.0,26.0,18.0,17.0,6.0,6.0,49.0,38.0,,7.0,,68.0,29.0,3.0,9.0,34.0,29.0,28.0,79.0,16.0,14.0,1.0,3.0,2.0,94.0,6.0,51.0,44.0,5.0,2180.0,2378.0,57.0,42.0,1.0,14.0,24.0,12.0,23.0,27.0,68.0,9.0,46.0,12.0,32.0,26.0,4.0,11.0,11.0,,89.0,31.0,1.0,10.0,24.0,11.0,21.0,11.0,4.0,7.0,13.0,42.0,63.0,33.0,19.0,46.0,36.0
Midwest,2019,121.0,12.0,22.0,25.0,18.0,16.0,7.0,3.0,52.0,38.0,,7.0,,62.0,34.0,4.0,7.0,38.0,30.0,26.0,83.0,12.0,10.0,1.0,3.0,2.0,95.0,5.0,52.0,43.0,4.0,2160.0,2402.0,57.0,42.0,2.0,15.0,21.0,12.0,24.0,29.0,62.0,7.0,43.0,11.0,38.0,32.0,4.0,11.0,11.0,,89.0,31.0,1.0,11.0,23.0,10.0,24.0,10.0,3.0,7.0,14.0,45.0,64.0,30.0,22.0,45.0,33.0
Midwest,2020,126.0,10.0,23.0,29.0,18.0,14.0,6.0,3.0,57.0,35.0,0.0,5.0,95.0,64.0,32.0,4.0,7.0,37.0,30.0,27.0,85.0,10.0,9.0,1.0,3.0,2.0,97.0,3.0,55.0,41.0,4.0,2123.0,2365.0,55.0,43.0,2.0,18.0,23.0,9.0,23.0,28.0,64.0,8.0,43.0,12.0,36.0,28.0,7.0,11.0,11.0,1.0,89.0,32.0,2.0,11.0,24.0,9.0,23.0,10.0,3.0,7.0,14.0,44.0,64.0,29.0,19.0,49.0,32.0
Midwest,2021,125.0,12.0,21.0,26.0,19.0,16.0,7.0,4.0,50.0,41.0,,5.0,,64.0,33.0,4.0,5.0,36.0,30.0,29.0,87.0,8.0,7.0,1.0,4.0,1.0,97.0,3.0,52.0,44.0,4.0,2177.0,2391.0,55.0,43.0,2.0,18.0,23.0,10.0,24.0,26.0,64.0,7.0,43.0,13.0,36.0,29.0,7.0,9.0,9.0,,91.0,34.0,1.0,10.0,24.0,8.0,25.0,10.0,4.0,7.0,12.0,46.0,66.0,29.0,17.0,47.0,36.0
Midwest,2022,137.0,10.0,21.0,28.0,19.0,15.0,6.0,3.0,53.0,37.0,,7.0,,62.0,34.0,4.0,7.0,33.0,30.0,30.0,87.0,9.0,9.0,1.0,3.0,2.0,95.0,5.0,52.0,44.0,4.0,2157.0,2368.0,57.0,41.0,2.0,19.0,24.0,9.0,23.0,26.0,62.0,5.0,42.0,15.0,38.0,29.0,9.0,9.0,8.0,,91.0,33.0,1.0,13.0,23.0,8.0,25.0,9.0,4.0,8.0,10.0,50.0,65.0,29.0,17.0,46.0,37.0
Midwest,2023,126.0,11.0,23.0,27.0,17.0,15.0,6.0,7.0,53.0,31.0,,9.0,,57.0,39.0,4.0,8.0,33.0,31.0,27.0,82.0,10.0,9.0,2.0,5.0,3.0,94.0,6.0,51.0,43.0,6.0,2101.0,2356.0,53.0,45.0,2.0,16.0,25.0,8.0,20.0,30.0,57.0,5.0,38.0,13.0,43.0,33.0,10.0,11.0,10.0,,89.0,34.0,1.0,13.0,26.0,6.0,26.0,10.0,3.0,7.0,9.0,49.0,69.0,26.0,20.0,44.0,35.0
Midwest,2024,136.0,17.0,22.0,27.0,16.0,13.0,5.0,5.0,55.0,30.0,,9.0,,54.0,40.0,6.0,11.0,33.0,32.0,25.0,87.0,8.0,7.0,1.0,2.0,3.0,95.0,5.0,56.0,40.0,4.0,1990.0,2220.0,54.0,45.0,1.0,19.0,25.0,8.0,23.0,26.0,54.0,8.0,34.0,12.0,46.0,34.0,11.0,10.0,10.0,,90.0,35.0,1.0,14.0,23.0,10.0,25.0,9.0,3.0,6.0,10.0,48.0,63.0,28.0,21.0,44.0,35.0
Midwest,2025,131.0,13.0,24.0,29.0,15.0,14.0,5.0,5.0,57.0,30.0,,8.0,,50.0,43.0,7.0,9.0,36.0,31.0,23.0,88.0,7.0,6.0,1.0,2.0,3.0,96.0,4.0,61.0,35.0,4.0,1969.0,2240.0,54.0,45.0,2.0,17.0,28.0,10.0,20.0,25.0,50.0,7.0,33.0,9.0,50.0,35.0,14.0,10.0,10.0,,90.0,35.0,1.0,14.0,22.0,10.0,28.0,9.0,2.0,6.0,9.0,50.0,65.0,27.0,19.0,48.0,33.0
Northeast,1971,134.0,,,,,,,25.0,41.0,,,34.0,,80.0,11.0,9.0,,,,,,,,,,,,,,,,,,,,,,,,,,,,,,,,,,,,,,,,,,,,,,,,,,,,
Northeast,1972,149.0,,,,,,,28.0,37.0,,,33.0,,82.0,12.0,7.0,,,,,,,,,,,,,,,,,,,,,,,,,,,,,,,,,,,,,,,,,,,,,,,,,,,,
Northeast,1973,156.0,,,,,,,30.0,39.0,,,30.0,,75.0,16.0,10.0,59.0,17.0,24.0,,37.0,,,,33.0,30.0,14.0,86.0,53.0,41.0,6.0,1450.0,1595.0,,,,,,,,,,,,,,,,,,,,,,,,,,,,,,,,,16.0,57.0,26.0
Northeast,1974,132.0,,,,,,,32.0,38.0,,,29.0,,76.0,16.0,8.0,56.0,19.0,24.0,,35.0,,,,29.0,35.0,16.0,84.0,53.0,42.0,6.0,1465.0,1600.0,,,,,,,,,,,,,,,,,,,,,,,,,,,,,,,,,15.0,58.0,27.0
Northeast,1975,114.0,,,,,,,28.0,41.0,,,30.0,,75.0,16.0,9.0,62.0,17.0,20.0,,32.0,,,,36.0,33.0,13.0,87.0,55.0,38.0,7.0,1405.0,1575.0,,,,,,,,,,,,,,,,,,,,,,,,,,,,,,,,,16.0,60.0,24.0
Northeast,1976,121.0,,,,,,,31.0,41.0,,,27.0,,76.0,16.0,8.0,55.0,19.0,26.0,,32.0,,,,38.0,28.0,13.0,87.0,48.0,46.0,6.0,1505.0,1630.0,,,,,,,,,,,,,,,,,,,,,,,,,,,,,,,,,15.0,59.0,25.0
Northeast,1977,135.0,,,,,,,31.0,44.0,,,23.0,,78.0,14.0,8.0,52.0,19.0,29.0,,34.0,,,,37.0,28.0,17.0,83.0,48.0,46.0,5.0,1540.0,1650.0,,,,,,,,,,,,,,,,,,,,,,,,,,,,,,,,,16.0,58.0,26.0
Northeast,1978,141.0,,,,,,,25.0,50.0,,,24.0,,80.0,12.0,8.0,48.0,19.0,33.0,,35.0,8.0,,,33.0,31.0,20.0,80.0,41.0,53.0,5.0,1640.0,1730.0,,,,,,,,,,,,,,,,,,,,,,,,,,,,,,,,,16.0,55.0,30.0
Northeast,1979,135.0,,,,,,,26.0,47.0,,,26.0,,77.0,14.0,9.0,44.0,21.0,35.0,,29.0,11.0,,,32.0,28.0,26.0,74.0,45.0,50.0,4.0,1690.0,1795.0,,,,,,,,,,,,,,,,,,,,,,,,,,,,,,,,,18.0,55.0,27.0
Northeast,1980,100.0,,,,,,,29.0,42.0,,,28.0,,73.0,16.0,11.0,47.0,24.0,30.0,,34.0,11.0,,,23.0,32.0,29.0,71.0,53.0,42.0,5.0,1660.0,1770.0,,,,,,,,,,,,,,,,,,,,,,,,,,,,,,,,,25.0,53.0,22.0
Northeast,1981,87.0,,,,,,,27.0,41.0,,,31.0,,71.0,17.0,11.0,44.0,24.0,33.0,,31.0,13.0,,,22.0,34.0,29.0,71.0,53.0,43.0,4.0,1655.0,1805.0,,,,,,,,,,,,,,,,,,,,,,,,,,,,,,,,,26.0,50.0,24.0
Northeast,1982,79.0,,,,,,,28.0,39.0,,,33.0,,74.0,17.0,9.0,49.0,22.0,28.0,,32.0,13.0,,,26.0,30.0,27.0,73.0,60.0,36.0,4.0,1605.0,1755.0,,,,,,,,,,,,,,,,,,,,,,,,,,,,,,,,,29.0,51.0,21.0
Northeast,1983,106.0,,,,,,,31.0,40.0,,,28.0,,72.0,19.0,9.0,45.0,24.0,32.0,,32.0,15.0,,,26.0,27.0,33.0,67.0,56.0,40.0,4.0,1650.0,1795.0,,,,,,,,,,,,,,,,,,,,,,,,,,,,,,,,,33.0,46.0,21.0
Northeast,1984,129.0,,,,,,,30.0,41.0,,,29.0,,70.0,20.0,10.0,40.0,26.0,34.0,,32.0,16.0,,,28.0,24.0,34.0,66.0,54.0,42.0,5.0,1665.0,1860.0,,,,,,,,,,,,,,,,,,,,,,,,,,,,,,,,,33.0,47.0,20.0
Northeast,1985,168.0,,,,,,,30.0,40.0,,,29.0,,72.0,21.0,7.0,39.0,26.0,35.0,,35.0,18.0,,,27.0,21.0,42.0,58.0,54.0,42.0,4.0,1655.0,1830.0,,,,,,,,,,,,,,,,,,,,,,,,,,,,,,,,,35.0,44.0,21.0
Northeast,1986,193.0,,,,,,,31.0,46.0,,,22.0,,77.0,16.0,7.0,32.0,30.0,39.0,,32.0,15.0,,,36.0,18.0,43.0,57.0,47.0,49.0,4.0,1695.0,1850.0,,,,,,,,,,,,,,,,,,,,,,,,,,,,,,,,,30.0,49.0,21.0
Northeast,1987,196.0,,,,,,,29.0,49.0,,,21.0,,76.0,17.0,6.0,26.0,28.0,38.0,8.0,36.0,14.0,,,36.0,14.0,48.0,52.0,47.0,49.0,4.0,1840.0,1955.0,,,,,,,,,,,,,,,,,,,,,,,,,,,,,,,,,27.0,48.0,25.0
Northeast,1988,188.0,,,,,,,29.0,52.0,,,19.0,,77.0,17.0,6.0,23.0,27.0,41.0,9.0,43.0,13.0,,,35.0,9.0,52.0,48.0,40.0,55.0,5.0,1810.0,2005.0,,,,,,,,,,,,,,,,,,,,,,,,,,,,,,,,,30.0,43.0,27.0
Northeast,1989,159.0,,,,,,,23.0,53.0,,,23.0,,79.0,16.0,5.0,23.0,24.0,43.0,10.0,46.0,12.0,,,36.0,6.0,54.0,46.0,42.0,53.0,5.0,1870.0,2075.0,,,,,,,,,,,,,,,,,,,,,,,,,,,,,,,,,27.0,46.0,27.0
Northeast,1990,127.0,,,,,,,22.0,59.0,,,19.0,,84.0,11.0,5.0,24.0,23.0,42.0,11.0,43.0,12.0,,,38.0,6.0,50.0,50.0,42.0,52.0,6.0,1955.0,2105.0,,,,,,,,,,,,,,,,,,,,,,,,,,,,,,,,,23.0,47.0,30.0
Northeast,1991,100.0,,,,,,,19.0,59.0,,,21.0,,84.0,10.0,5.0,24.0,23.0,41.0,12.0,46.0,9.0,,,39.0,5.0,50.0,50.0,45.0,51.0,4.0,1950.0,2105.0,,,,,,,,,,,,,,,,,,,,,,,,,,,,,,,,,19.0,51.0,30.0
Northeast,1992,114.0,,,,,,,19.0,53.0,4.0,,23.0,,85.0,11.0,5.0,27.0,18.0,48.0,7.0,50.0,9.0,,,36.0,4.0,52.0,48.0,48.0,48.0,4.0,2000.0,2115.0,,,,,,,,,,,,,,,,,,,,,,,,,,,,,,,,,18.0,50.0,32.0
Northeast,1993,105.0,,,,,,,19.0,59.0,4.0,,17.0,,85.0,10.0,5.0,24.0,16.0,52.0,8.0,51.0,10.0,,,35.0,4.0,55.0,45.0,42.0,54.0,4.0,2050.0,2160.0,,,,,,,,,,,,,,,,,,,,,,,,,,,,,,,,,19.0,50.0,31.0
Northeast,1994,113.0,,,,,,,20.0,55.0,7.0,,18.0,,84.0,11.0,5.0,23.893805309734514,14.15929203539823,51.0,10.619469026548673,51.0,12.0,,,34.0,3.0,61.0,39.0,41.0,54.0,5.0,2035.0,2195.0,,,,,,,,,,,,,,,,,,,,,,,,,,,,,,,,,20.0,46.0,34.0
Northeast,1995,108.0,,,,,,,17.0,57.0,8.0,,18.0,,86.0,10.0,4.0,23.0,18.0,48.0,11.0,55.0,10.0,,,33.0,3.0,62.0,38.0,39.0,55.0,6.0,2095.0,2240.0,,,,,,,,,,,,,,,,,,,,,,,,,,,,,,,,,18.0,49.0,33.0
Northeast,1996,108.0,,,,,,,19.0,56.0,6.0,,18.0,,85.0,11.0,4.0,19.0,18.0,50.0,14.0,55.0,10.0,,,33.0,,64.0,36.0,40.0,57.0,3.0,2100.0,2280.0,,,,,,,,,,,,,,,,,,,,,,,,,,,,,,,,,18.0,48.0,34.0
Northeast,1997,115.0,,,,,,,16.0,60.0,8.0,,16.0,,86.0,10.0,5.0,18.0,19.0,51.0,12.0,61.0,10.0,,,29.0,3.0,67.0,33.0,41.0,53.0,5.0,2130.0,2265.0,,,,,,,,,,,,,,,,,,,,,,,,,,,,,,,,,20.0,44.0,36.0
Northeast,1998,116.0,,,,,,,16.0,59.0,8.0,,18.0,,82.0,15.0,3.0,16.0,20.0,53.0,12.0,66.0,8.0,,,26.0,,72.0,28.0,41.0,54.0,5.0,2100.0,2270.0,,,,,,,,,,,,,,,,,,,,,,,,,,,,,,,,,22.0,43.0,34.0
Northeast,1999,115.0,13.0,18.0,29.0,22.0,13.0,5.0,16.0,61.0,8.0,,14.0,,80.0,16.0,4.0,14.0,22.0,51.0,12.0,67.0,6.0,,,26.0,1.0,74.0,26.0,42.0,53.0,5.0,2175.0,2298.0,,,,,,,,,,,,,,,,,,,,,,,,,,,,,,,,,24.0,42.0,34.0
Northeast,2000,120.0,12.0,16.0,28.0,22.0,16.0,7.0,16.0,59.0,10.0,,15.0,,86.0,10.0,4.0,13.0,19.0,53.0,14.0,67.0,7.0,7.0,,25.0,1.0,73.0,27.0,42.0,53.0,6.0,2266.0,2435.0,,,,,,,,,,,,,,,,,,,,,,,,,,,,,,,,,18.0,44.0,38.0
Northeast,2001,114.0,10.0,17.0,29.0,22.0,16.0,7.0,16.0,60.0,9.0,,15.0,,86.0,9.0,5.0,12.0,21.0,54.0,14.0,67.0,4.0,4.0,1.0,28.0,1.0,76.0,24.0,43.0,52.0,5.0,2305.0,2466.0,,,,,,,,,,,,,,,,,,,,,,,,,,,,,,,,,20.0,42.0,38.0
Northeast,2002,113.0,8.0,18.0,29.0,22.0,17.0,7.0,13.0,64.0,10.0,,12.0,,89.0,8.0,3.0,10.0,18.0,57.0,15.0,68.0,5.0,4.0,,26.0,1.0,77.0,23.0,39.0,56.0,6.0,2330.0,2516.0,,,,,,,,,,,,,,,,,,,,,,,,,,,,,,,,,15.0,45.0,40.0
Northeast,2003,114.0,10.0,16.0,30.0,22.0,15.0,7.0,15.0,60.0,9.0,,16.0,,83.0,13.0,4.0,10.0,24.0,52.0,14.0,66.0,8.0,7.0,1.0,25.0,1.0,78.0,22.0,43.0,52.0,4.0,2288.0,2443.0,,,,,,,,,,,,,,,,,,,,,,,,,,,,,,,,,20.0,45.0,35.0
Northeast,2004,119.0,7.0,15.0,30.0,23.0,17.0,8.0,14.0,63.0,10.0,,12.0,,84.0,13.0,3.0,8.0,19.0,56.0,18.0,67.0,11.0,10.0,,22.0,1.0,82.0,18.0,40.0,54.0,6.0,2361.0,2543.0,,,,,,,,,,,,,,,,,,,,,,,,,,,,,,,,,17.0,44.0,39.0
Northeast,2005,132.0,8.0,17.0,28.0,21.0,16.0,10.0,16.0,58.0,11.0,,15.0,,79.0,15.0,6.0,9.0,23.0,47.0,21.0,68.0,8.0,7.0,,23.0,1.0,79.0,21.0,42.0,52.0,5.0,2339.0,2556.0,,,,,,,,,,,,,,,,,,,,,,,,,,,,,,,,,23.0,41.0,36.0
Northeast,2006,128.0,9.0,18.0,23.0,22.0,18.0,11.0,16.0,54.0,12.0,,18.0,,76.0,14.0,9.0,11.0,21.0,45.0,23.0,73.0,8.0,7.0,1.0,17.0,2.0,76.0,24.0,43.0,50.0,7.0,2395.0,2612.0,,,,,,,,,,,,,,,,,,,,,,,,,,,,,,,,,21.0,42.0,37.0
Northeast,2007,105.0,11.0,19.0,25.0,18.0,15.0,11.0,18.0,56.0,11.0,,15.0,,75.0,15.0,11.0,11.0,26.0,40.0,23.0,73.0,6.0,5.0,1.0,18.0,4.0,75.0,25.0,46.0,48.0,6.0,2281.0,2550.0,,,,,,,,,,,,,,,,,,,,,,,,,,,,,,,,,24.0,39.0,37.0
Northeast,2008,73.0,12.0,16.0,26.0,18.0,16.0,13.0,14.0,56.0,13.0,,17.0,,76.0,16.0,9.0,12.0,22.0,41.0,26.0,73.0,8.0,6.0,1.0,16.0,3.0,75.0,25.0,44.0,48.0,8.0,2312.0,2651.0,,,,,,,,,,,,,,,,,,,,,,,,,,,,,,,,,19.0,42.0,39.0
Northeast,2009,54.0,12.0,16.0,28.0,15.0,18.0,11.0,16.0,55.0,11.0,,17.0,,77.0,16.0,8.0,15.0,20.0,41.0,23.0,67.0,11.0,8.0,3.0,15.0,7.0,75.0,25.0,42.0,51.0,8.0,2211.0,2594.0,19.0,73.0,8.0,19.0,7.0,5.0,21.0,48.0,77.0,13.0,50.0,13.0,23.0,18.0,6.0,28.0,25.0,3.0,72.0,48.0,5.0,,,,,,,,,,,,20.0,45.0,36.0
Northeast,2010,54.0,12.0,14.0,25.0,20.0,18.0,11.0,15.0,56.0,11.0,,18.0,,79.0,13.0,8.0,16.0,16.0,47.0,22.0,75.0,8.0,5.0,4.0,11.0,5.0,77.0,23.0,42.0,48.0,10.0,2336.0,2613.0,19.0,74.0,7.0,19.0,6.0,5.0,20.0,49.0,79.0,13.0,48.0,17.0,21.0,17.0,4.0,29.0,26.0,3.0,71.0,48.0,4.0,7.0,18.0,19.0,6.0,20.0,3.0,3.0,25.0,19.0,47.0,45.0,18.0,45.0,38.0
Northeast,2011,44.0,11.0,17.0,25.0,20.0,17.0,10.0,14.0,54.0,11.0,,22.0,,75.0,16.0,9.0,14.0,16.0,47.0,23.0,74.0,11.0,9.0,3.0,9.0,6.0,81.0,19.0,42.0,52.0,6.0,2335.0,2559.0,19.0,71.0,11.0,25.0,6.0,5.0,20.0,43.0,75.0,9.0,48.0,17.0,25.0,18.0,5.0,31.0,26.0,5.0,69.0,45.0,6.0,9.0,19.0,16.0,5.0,20.0,2.0,4.0,26.0,20.0,48.0,42.0,19.0,43.0,38.0
Northeast,2012,47.0,8.0,18.0,29.0,20.0,16.0,9.0,17.0,52.0,9.0,1.0,21.0,78.0,68.0,22.0,11.0,12.0,19.0,46.0,23.0,77.0,8.0,7.0,2.0,9.0,6.0,82.0,18.0,45.0,47.0,8.0,2302.0,2582.0,20.0,70.0,10.0,28.0,9.0,5.0,19.0,39.0,68.0,7.0,39.0,20.0,32.0,20.0,9.0,32.0,26.0,6.0,68.0,44.0,4.0,8.0,18.0,13.0,5.0,22.0,1.0,5.0,28.0,19.0,50.0,41.0,17.0,46.0,37.0
Northeast,2013,48.0,8.0,18.0,27.0,19.0,19.0,9.0,14.0,56.0,11.0,,19.0,,71.0,19.0,10.0,7.0,19.0,48.0,26.0,77.0,9.0,7.0,3.0,9.0,5.0,83.0,17.0,40.0,52.0,8.0,2337.0,2635.0,19.0,69.0,12.0,23.0,6.0,8.0,17.0,46.0,71.0,8.0,44.0,19.0,29.0,18.0,10.0,29.0,23.0,6.0,71.0,45.0,6.0,11.0,16.0,16.0,6.0,20.0,2.0,5.0,26.0,24.0,47.0,43.0,18.0,44.0,38.0
Northeast,2014,49.0,9.0,12.0,30.0,21.0,19.0,9.0,18.0,52.0,10.0,,19.0,,68.0,19.0,13.0,10.0,20.0,43.0,28.0,78.0,8.0,6.0,2.0,8.0,6.0,82.0,18.0,40.0,52.0,7.0,2370.0,2617.0,18.0,69.0,13.0,23.0,8.0,6.0,21.0,42.0,68.0,7.0,39.0,20.0,32.0,22.0,9.0,28.0,23.0,5.0,72.0,46.0,8.0,11.0,16.0,17.0,6.0,19.0,3.0,6.0,22.0,26.0,47.0,45.0,19.0,40.0,41.0
Northeast,2015,47.0,8.0,12.0,25.0,22.0,20.0,13.0,16.0,53.0,12.0,1.0,18.0,81.0,69.0,18.0,13.0,8.0,15.0,43.0,34.0,80.0,8.0,6.0,2.0,6.0,6.0,84.0,16.0,40.0,52.0,8.0,2492.0,2792.0,18.0,64.0,18.0,23.0,8.0,9.0,19.0,41.0,69.0,7.0,40.0,22.0,31.0,19.0,10.0,27.0,23.0,4.0,73.0,41.0,14.0,8.0,16.0,16.0,6.0,20.0,3.0,6.0,25.0,23.0,48.0,45.0,15.0,40.0,46.0
Northeast,2016,55.0,5.0,15.0,27.0,21.0,17.0,14.0,18.0,53.0,10.0,1.0,17.0,82.0,71.0,18.0,11.0,6.0,17.0,43.0,34.0,80.0,7.0,5.0,2.0,7.0,6.0,86.0,14.0,37.0,55.0,8.0,2469.0,2796.0,15.0,67.0,17.0,30.0,9.0,6.0,15.0,39.0,71.0,8.0,37.0,25.0,29.0,16.0,11.0,25.0,21.0,4.0,75.0,46.0,14.0,7.0,17.0,19.0,7.0,20.0,2.0,6.0,22.0,22.0,50.0,47.0,13.0,44.0,43.0
Northeast,2017,59.0,8.0,14.0,24.0,21.0,20.0,14.0,21.0,55.0,10.0,,13.0,,70.0,19.0,12.0,9.0,16.0,41.0,34.0,78.0,9.0,8.0,1.0,8.0,6.0,85.0,15.0,41.0,53.0,6.0,2488.0,2760.0,17.0,69.0,14.0,33.0,7.0,5.0,16.0,39.0,70.0,5.0,36.0,26.0,30.0,18.0,10.0,21.0,19.0,2.0,79.0,50.0,12.0,5.0,20.0,13.0,9.0,23.0,3.0,6.0,20.0,23.0,58.0,45.0,16.0,41.0,43.0
Northeast,2018,54.0,8.0,12.0,25.0,22.0,18.0,14.0,17.0,54.0,11.0,,18.0,,71.0,18.0,12.0,9.0,16.0,38.0,37.0,79.0,10.0,8.0,2.0,6.0,5.0,81.0,19.0,42.0,51.0,7.0,2488.0,2822.0,20.0,66.0,14.0,27.0,7.0,7.0,19.0,40.0,71.0,7.0,36.0,27.0,29.0,18.0,8.0,21.0,20.0,1.0,79.0,46.0,12.0,5.0,17.0,15.0,10.0,22.0,3.0,8.0,20.0,26.0,57.0,48.0,20.0,41.0,39.0
Northeast,2019,62.0,6.0,14.0,31.0,17.0,19.0,13.0,24.0,50.0,9.0,1.0,16.0,83.0,64.0,24.0,12.0,11.0,16.0,40.0,33.0,79.0,10.0,7.0,2.0,7.0,4.0,86.0,14.0,45.0,47.0,8.0,2364.0,2727.0,22.0,63.0,15.0,28.0,8.0,7.0,19.0,39.0,64.0,9.0,33.0,19.0,36.0,18.0,16.0,16.0,15.0,2.0,84.0,49.0,13.0,6.0,22.0,17.0,10.0,23.0,2.0,6.0,14.0,24.0,61.0,48.0,22.0,39.0,39.0
Northeast,2020,57.0,5.0,15.0,36.0,15.0,15.0,13.0,22.0,57.0,8.0,1.0,13.0,86.0,68.0,24.0,8.0,7.0,17.0,41.0,35.0,79.0,11.0,9.0,1.0,6.0,5.0,89.0,11.0,49.0,46.0,4.0,2259.0,2687.0,21.0,67.0,13.0,21.0,8.0,8.0,22.0,41.0,68.0,8.0,32.0,26.0,32.0,17.0,13.0,19.0,17.0,2.0,81.0,49.0,11.0,7.0,21.0,20.0,8.0,25.0,2.0,5.0,12.0,22.0,59.0,52.0,18.0,46.0,36.0
Northeast,2021,61.0,9.0,12.0,26.0,23.0,20.0,11.0,21.0,57.0,10.0,1.0,11.0,88.0,70.0,20.0,10.0,7.0,16.0,45.0,33.0,82.0,8.0,6.0,2.0,7.0,3.0,89.0,11.0,47.0,47.0,6.0,2459.0,2696.0,22.0,66.0,12.0,25.0,7.0,7.0,20.0,41.0,70.0,7.0,37.0,26.0,30.0,16.0,12.0,18.0,16.0,2.0,82.0,50.0,10.0,5.0,21.0,18.0,7.0,23.0,3.0,6.0,18.0,21.0,57.0,50.0,17.0,46.0,37.0
Northeast,2022,60.0,7.0,11.0,28.0,26.0,16.0,13.0,22.0,57.0,9.0,,12.0,,67.0,21.0,12.0,6.0,15.0,40.0,38.0,81.0,10.0,9.0,1.0,5.0,4.0,93.0,7.0,44.0,51.0,5.0,2523.0,2763.0,20.0,65.0,15.0,30.0,6.0,4.0,21.0,40.0,67.0,5.0,33.0,27.0,33.0,18.0,13.0,17.0,14.0,2.0,83.0,51.0,13.0,5.0,23.0,17.0,7.0,27.0,2.0,5.0,13.0,19.0,62.0,51.0,16.0,41.0,43.0
Northeast,2023,61.0,7.0,15.0,24.0,21.0,19.0,14.0,17.0,58.0,10.0,,14.0,,66.0,25.0,9.0,6.0,17.0,38.0,40.0,79.0,12.0,11.0,1.0,4.0,5.0,92.0,8.0,40.0,52.0,8.0,2478.0,2794.0,21.0,63.0,16.0,24.0,4.0,5.0,22.0,45.0,66.0,4.0,36.0,24.0,34.0,13.0,19.0,22.0,19.0,3.0,78.0,44.0,13.0,4.0,25.0,15.0,8.0,26.0,2.0,8.0,12.0,22.0,67.0,51.0,19.0,40.0,41.0
Northeast,2024,66.0,8.0,14.0,34.0,20.0,16.0,9.0,16.0,66.0,6.0,,11.0,,53.0,39.0,8.0,8.0,18.0,44.0,30.0,81.0,11.0,10.0,1.0,3.0,5.0,93.0,7.0,49.0,47.0,4.0,2265.0,2569.0,20.0,61.0,19.0,23.0,10.0,8.0,20.0,39.0,53.0,5.0,32.0,15.0,47.0,26.0,20.0,23.0,19.0,4.0,77.0,43.0,15.0,3.0,21.0,12.0,6.0,31.0,1.0,12.0,13.0,22.0,70.0,56.0,21.0,47.0,32.0
Northeast,2025,66.0,10.0,17.0,20.0,23.0,19.0,11.0,21.0,55.0,7.0,,17.0,,53.0,40.0,7.0,8.0,22.0,32.0,37.0,77.0,14.0,11.0,3.0,4.0,5.0,92.0,8.0,52.0,43.0,5.0,2459.0,2644.0,27.0,58.0,15.0,24.0,12.0,6.0,22.0,36.0,53.0,5.0,32.0,14.0,47.0,29.0,16.0,24.0,20.0,4.0,76.0,38.0,11.0,5.0,24.0,11.0,7.0,22.0,4.0,7.0,20.0,23.0,60.0,44.0,26.0,39.0,35.0
South,1971,467.0,,,,,,,20.0,25.0,,25.0,30.0,45.0,17.0,46.0,38.0,,,,,,,,,,,,,,,,,,,,,,,,,,,,,,,,,,,,,,,,,,,,,,,,,,,,
South,1972,524.0,,,,,,,20.0,30.0,,25.0,25.0,50.0,18.0,48.0,35.0,,,,,,,,,,,,,,,,,,,,,,,,,,,,,,,,,,,,,,,,,,,,,,,,,,,,
South,1973,526.0,,,,,,,19.0,34.0,,21.0,26.0,53.0,23.0,47.0,29.0,34.0,47.0,19.0,,79.0,,,,1.0,21.0,69.0,31.0,60.0,37.0,3.0,1555.0,1670.0,,,,,,,,,,,,,,,,,,,,,,,,,,,,,,,,,10.0,69.0,21.0
South,1974,397.0,,,,,,,16.0,39.0,,18.0,27.0,55.0,23.0,52.0,25.0,34.0,45.0,21.0,,82.0,,,,,17.0,72.0,28.0,56.0,41.0,3.0,1640.0,1760.0,,,,,,,,,,,,,,,,,,,,,,,,,,,,,,,,,9.0,69.0,22.0
South,1975,362.0,,,,,,,14.0,41.0,,16.0,30.0,54.0,20.0,54.0,26.0,34.0,47.0,19.0,,82.0,,,,,18.0,71.0,29.0,50.0,47.0,4.0,1605.0,1705.0,,,,,,,,,,,,,,,,,,,,,,,,,,,,,,,,,10.0,71.0,19.0
South,1976,410.0,,,,,,,13.0,46.0,,15.0,26.0,59.0,21.0,55.0,25.0,26.0,54.0,20.0,,86.0,,,,,13.0,78.0,22.0,42.0,54.0,4.0,1660.0,1755.0,,,,,,,,,,,,,,,,,,,,,,,,,,,,,,,,,9.0,70.0,20.0
South,1977,512.0,,,,,,,13.0,47.0,,13.0,27.0,60.0,20.0,56.0,24.0,23.0,56.0,20.0,,87.0,,,,,12.0,80.0,20.0,40.0,57.0,3.0,1660.0,1770.0,,,,,,,,,,,,,,,,,,,,,,,,,,,,,,,,,8.0,72.0,19.0
South,1978,571.0,,,,,,,13.0,49.0,,12.0,26.0,62.0,19.0,58.0,23.0,20.0,58.0,22.0,,53.0,37.0,,,,10.0,84.0,16.0,36.0,61.0,3.0,1685.0,1785.0,,,,,,,,,,,,,,,,,,,,,,,,,,,,,,,,,9.0,71.0,20.0
South,1979,535.0,,,,,,,11.0,50.0,,11.0,27.0,62.0,20.0,56.0,24.0,20.0,56.0,24.0,,51.0,38.0,,,,10.0,85.0,15.0,36.0,60.0,4.0,1675.0,1795.0,,,,,,,,,,,,,,,,,,,,,,,,,,,,,,,,,9.0,70.0,20.0
South,1980,455.0,,,,,,,11.0,47.0,,10.0,32.0,58.0,16.0,61.0,23.0,22.0,55.0,23.0,,54.0,34.0,,,,12.0,84.0,16.0,43.0,55.0,3.0,1615.0,1750.0,,,,,,,,,,,,,,,,,,,,,,,,,,,,,,,,,12.0,70.0,18.0
South,1981,408.0,,,,,,,11.0,46.0,,12.0,31.0,57.0,15.0,62.0,23.0,26.0,53.0,21.0,,54.0,33.0,,,,13.0,84.0,16.0,44.0,54.0,2.0,1540.0,1715.0,,,,,,,,,,,,,,,,,,,,,,,,,,,,,,,,,17.0,66.0,18.0
South,1982,340.0,,,,,,,12.0,45.0,,11.0,32.0,57.0,14.0,63.0,23.0,27.0,51.0,21.0,,54.0,34.0,,,,12.0,85.0,15.0,42.0,56.0,3.0,1500.0,1700.0,,,,,,,,,,,,,,,,,,,,,,,,,,,,,,,,,20.0,63.0,17.0
South,1983,476.0,,,,,,,13.0,46.0,,9.0,32.0,59.0,15.0,66.0,19.0,23.0,55.0,23.0,,55.0,38.0,,,,8.0,90.0,10.0,37.0,60.0,3.0,1565.0,1720.0,,,,,,,,,,,,,,,,,,,,,,,,,,,,,,,,,18.0,66.0,16.0
South,1984,508.0,,,,,,,12.0,46.0,,7.0,35.0,58.0,15.0,65.0,20.0,20.0,55.0,25.0,,51.0,42.0,,,,7.0,92.0,8.0,38.0,59.0,3.0,1590.0,1750.0,,,,,,,,,,,,,,,,,,,,,,,,,,,,,,,,,20.0,64.0,16.0
South,1985,514.0,,,,,,,13.0,44.0,,7.0,36.0,57.0,17.0,63.0,21.0,20.0,54.0,26.0,,49.0,45.0,,,,6.0,92.0,8.0,39.0,57.0,4.0,1590.0,1765.0,,,,,,,,,,,,,,,,,,,,,,,,,,,,,,,,,22.0,63.0,15.0
South,1986,505.0,,,,,,,13.0,48.0,,6.0,33.0,61.0,17.0,60.0,23.0,16.0,54.0,30.0,,46.0,46.0,,,,8.0,91.0,9.0,37.0,59.0,3.0,1655.0,1825.0,,,,,,,,,,,,,,,,,,,,,,,,,,,,,,,,,19.0,63.0,18.0
South,1987,467.0,,,,,,,13.0,52.0,,6.0,29.0,65.0,20.0,56.0,25.0,13.0,53.0,23.0,11.0,45.0,48.0,,,,6.0,92.0,8.0,38.0,59.0,4.0,1755.0,1915.0,,,,,,,,,,,,,,,,,,,,,,,,,,,,,,,,,17.0,63.0,20.0
South,1988,457.0,,,,,,,12.0,53.0,,5.0,29.0,66.0,20.0,53.0,27.0,12.0,52.0,23.0,13.0,47.0,47.0,,,,6.0,94.0,6.0,39.0,57.0,4.0,1790.0,1985.0,,,,,,,,,,,,,,,,,,,,,,,,,,,,,,,,,15.0,63.0,22.0
South,1989,420.0,,,,,,,11.0,57.0,,5.0,27.0,68.0,19.0,54.0,27.0,13.0,50.0,23.0,14.0,49.0,45.0,,,,6.0,94.0,6.0,39.0,56.0,4.0,1815.0,2030.0,,,,,,,,,,,,,,,,,,,,,,,,,,,,,,,,,13.0,63.0,24.0
South,1990,389.0,,,,,,,11.0,58.0,,4.0,26.0,70.0,19.0,53.0,28.0,11.0,50.0,24.0,15.0,51.0,43.0,,,,5.0,95.0,5.0,37.0,59.0,4.0,1855.0,2055.0,,,,,,,,,,,,,,,,,,,,,,,,,,,,,,,,,13.0,62.0,25.0
South,1991,348.0,,,,,,,11.0,59.0,,5.0,26.0,69.0,19.0,53.0,28.0,11.0,50.0,25.0,14.0,54.0,41.0,,,,5.0,94.0,6.0,38.0,58.0,4.0,1870.0,2065.0,,,,,,,,,,,,,,,,,,,,,,,,,,,,,,,,,12.0,63.0,25.0
South,1992,400.0,,,,,,,10.0,60.0,4.0,4.0,22.0,74.0,19.0,55.0,26.0,9.0,49.0,28.0,14.0,54.0,42.0,,,1.0,3.0,97.0,3.0,35.0,61.0,4.0,1945.0,2130.0,,,,,,,,,,,,,,,,,,,,,,,,,,,,,,,,,9.0,64.0,27.0
South,1993,456.0,,,,,,,8.0,63.0,4.0,3.0,21.0,76.0,15.0,58.0,25.0,8.0,46.0,31.0,14.0,55.0,41.0,,,1.0,3.0,97.0,3.0,35.0,61.0,4.0,2000.0,2150.0,,,,,,,,,,,,,,,,,,,,,,,,,,,,,,,,,9.0,61.0,30.0
South,1994,507.0,,,,,,,9.0,65.0,5.0,3.0,18.0,79.0,18.0,59.0,23.0,7.0,47.0,31.0,15.0,55.0,42.0,,,1.0,2.0,98.0,2.0,34.0,62.0,4.0,2000.0,2165.0,,,,,,,,,,,,,,,,,,,,,,,,,,,,,,,,,9.0,62.0,29.0
South,1995,472.0,,,,,,,9.0,63.0,5.0,3.0,20.0,77.0,17.0,59.0,23.0,8.0,49.0,28.0,15.0,53.0,45.0,,,,2.0,98.0,2.0,36.0,60.0,4.0,1945.0,2125.0,,,,,,,,,,,,,,,,,,,,,,,,,,,,,,,,,9.0,62.0,29.0
South,1996,507.0,,,,,,,8.0,65.0,6.0,2.0,19.0,79.0,17.0,62.0,22.0,6.0,49.0,28.0,16.0,57.0,41.0,,,,1.0,98.0,2.0,37.0,61.0,2.0,1995.0,2160.0,,,,,,,,,,,,,,,,,,,,,,,,,,,,,,,,,9.0,61.0,30.0
South,1997,506.0,,,,,,,8.0,65.0,6.0,2.0,19.0,79.0,16.0,62.0,22.0,6.0,49.0,29.0,16.0,57.0,42.0,,,1.0,1.0,99.0,1.0,40.0,57.0,3.0,2000.0,2175.0,,,,,,,,,,,,,,,,,,,,,,,,,,,,,,,,,9.0,61.0,30.0
South,1998,517.0,,,,,,,9.0,66.0,6.0,2.0,17.0,81.0,15.0,62.0,23.0,5.0,49.0,28.0,18.0,59.0,40.0,,,,1.0,99.0,1.0,42.0,55.0,3.0,2000.0,2200.0,,,,,,,,,,,,,,,,,,,,,,,,,,,,,,,,,8.0,61.0,31.0
South,1999,570.0,15.0,21.0,30.0,16.0,13.0,5.0,9.0,67.0,6.0,2.0,17.0,81.0,16.0,63.0,21.0,5.0,47.0,29.0,20.0,57.0,42.0,,,,1.0,99.0,1.0,41.0,55.0,3.0,2044.0,2244.0,,,,,,,,,,,,,,,,,,,,,,,,,,,,,,,,,8.0,59.0,33.0
South,2000,566.0,14.0,21.0,30.0,17.0,13.0,6.0,8.0,67.0,7.0,2.0,16.0,82.0,15.0,64.0,21.0,5.0,46.0,29.0,20.0,56.0,43.0,42.0,1.0,,1.0,99.0,1.0,44.0,52.0,4.0,2075.0,2287.0,,,,,,,,,,,,,,,,,,,,,,,,,,,,,,,,,8.0,58.0,34.0
South,2001,578.0,13.0,19.0,30.0,18.0,14.0,6.0,8.0,67.0,9.0,1.0,15.0,84.0,15.0,64.0,21.0,4.0,44.0,30.0,22.0,56.0,43.0,41.0,2.0,,1.0,99.0,1.0,46.0,50.0,4.0,2128.0,2351.0,,,,,,,,,,,,,,,,,,,,,,,,,,,,,,,,,8.0,56.0,37.0
South,2002,615.0,13.0,20.0,29.0,19.0,14.0,5.0,8.0,67.0,8.0,1.0,15.0,84.0,15.0,66.0,20.0,4.0,46.0,30.0,21.0,57.0,42.0,40.0,2.0,,1.0,99.0,1.0,47.0,50.0,3.0,2120.0,2317.0,,,,,,,,,,,,,,,,,,,,,,,,,,,,,,,,,8.0,55.0,36.0
South,2003,635.0,13.0,19.0,31.0,17.0,15.0,6.0,7.0,68.0,8.0,1.0,15.0,84.0,13.0,68.0,19.0,3.0,46.0,30.0,21.0,56.0,43.0,41.0,2.0,,1.0,99.0,1.0,49.0,48.0,3.0,2142.0,2335.0,,,,,,,,,,,,,,,,,,,,,,,,,,,,,,,,,8.0,56.0,36.0
South,2004,700.0,12.0,19.0,28.0,20.0,15.0,6.0,8.0,68.0,9.0,1.0,13.0,86.0,12.0,70.0,17.0,3.0,45.0,30.0,22.0,51.0,48.0,45.0,3.0,,1.0,100.0,,51.0,47.0,3.0,2164.0,2368.0,,,,,,,,,,,,,,,,,,,,,,,,,,,,,,,,,8.0,56.0,36.0
South,2005,760.0,9.0,18.0,30.0,19.0,17.0,7.0,8.0,69.0,10.0,1.0,12.0,87.0,12.0,69.0,19.0,3.0,42.0,29.0,27.0,47.0,53.0,50.0,2.0,,1.0,100.0,,50.0,46.0,3.0,2259.0,2463.0,,,,,,,,,,,,,,,,,,,,,,,,,,,,,,,,,7.0,53.0,40.0
South,2006,826.0,8.0,19.0,28.0,20.0,17.0,8.0,8.0,70.0,10.0,1.0,11.0,88.0,12.0,72.0,16.0,3.0,42.0,29.0,26.0,43.0,56.0,54.0,2.0,,1.0,100.0,,52.0,45.0,3.0,2286.0,2499.0,,,,,,,,,,,,,,,,,,,,,,,,,,,,,,,,,7.0,54.0,39.0
South,2007,631.0,9.0,17.0,28.0,20.0,18.0,10.0,8.0,69.0,11.0,2.0,10.0,88.0,10.0,70.0,20.0,2.0,41.0,27.0,29.0,44.0,55.0,53.0,2.0,,,100.0,,51.0,46.0,4.0,2325.0,2573.0,,,,,,,,,,,,,,,,,,,,,,,,,,,,,,,,,7.0,54.0,38.0
South,2008,417.0,12.0,16.0,27.0,18.0,16.0,11.0,7.0,66.0,11.0,2.0,15.0,83.0,10.0,67.0,22.0,4.0,41.0,27.0,29.0,44.0,55.0,54.0,2.0,,1.0,100.0,,50.0,46.0,5.0,2266.0,2564.0,,,,,,,,,,,,,,,,,,,,,,,,,,,,,,,,,10.0,54.0,36.0
South,2009,259.0,12.0,19.0,27.0,18.0,15.0,10.0,7.0,67.0,11.0,1.0,14.0,85.0,11.0,69.0,21.0,4.0,44.0,26.0,25.0,39.0,59.0,57.0,2.0,,1.0,99.0,1.0,51.0,43.0,5.0,2198.0,2488.0,53.0,44.0,3.0,23.0,16.0,12.0,20.0,29.0,11.0,2.0,7.0,2.0,89.0,81.0,6.0,18.0,17.0,1.0,82.0,27.0,2.0,,,,,,,,,,,,9.0,57.0,34.0
South,2010,258.0,14.0,18.0,26.0,18.0,17.0,7.0,6.0,67.0,10.0,1.0,16.0,83.0,9.0,71.0,19.0,6.0,43.0,26.0,25.0,39.0,60.0,58.0,2.0,,1.0,99.0,1.0,55.0,42.0,4.0,2184.0,2393.0,53.0,44.0,3.0,23.0,17.0,12.0,21.0,26.0,9.0,1.0,5.0,3.0,91.0,82.0,7.0,17.0,16.0,1.0,83.0,29.0,2.0,18.0,25.0,3.0,28.0,12.0,1.0,3.0,11.0,50.0,68.0,19.0,10.0,55.0,35.0
South,2011,236.0,13.0,17.0,23.0,18.0,19.0,10.0,6.0,66.0,12.0,1.0,16.0,83.0,10.0,72.0,18.0,5.0,40.0,25.0,30.0,38.0,60.0,59.0,1.0,0.0,1.0,99.0,1.0,52.0,43.0,5.0,2303.0,2538.0,50.0,46.0,3.0,24.0,16.0,11.0,24.0,25.0,10.0,1.0,5.0,3.0,90.0,80.0,8.0,19.0,18.0,1.0,81.0,28.0,2.0,17.0,24.0,3.0,31.0,11.0,1.0,3.0,10.0,52.0,69.0,18.0,10.0,51.0,39.0
South,2012,250.0,11.0,16.0,24.0,19.0,21.0,9.0,6.0,66.0,12.0,2.0,14.0,84.0,10.0,75.0,16.0,5.0,36.0,25.0,34.0,37.0,62.0,60.0,2.0,,1.0,99.0,1.0,53.0,42.0,5.0,2381.0,2549.0,48.0,48.0,4.0,25.0,21.0,12.0,21.0,21.0,10.0,1.0,5.0,3.0,90.0,78.0,11.0,19.0,18.0,1.0,81.0,30.0,3.0,20.0,22.0,3.0,33.0,9.0,1.0,3.0,10.0,57.0,67.0,16.0,11.0,46.0,43.0
South,2013,296.0,7.0,13.0,27.0,20.0,22.0,11.0,6.0,70.0,13.0,1.0,10.0,89.0,10.0,75.0,16.0,3.0,33.0,27.0,36.0,37.0,62.0,61.0,1.0,,1.0,100.0,,50.0,45.0,5.0,2469.0,2689.0,43.0,51.0,5.0,27.0,19.0,11.0,22.0,22.0,10.0,1.0,5.0,4.0,90.0,77.0,12.0,21.0,19.0,2.0,79.0,32.0,3.0,21.0,20.0,3.0,33.0,9.0,1.0,3.0,9.0,58.0,65.0,16.0,8.0,46.0,47.0
South,2014,329.0,7.0,13.0,27.0,20.0,21.0,12.0,5.0,69.0,14.0,1.0,10.0,89.0,8.0,77.0,16.0,3.0,34.0,25.0,39.0,37.0,62.0,61.0,1.0,,1.0,99.0,1.0,52.0,44.0,4.0,2498.0,2711.0,44.0,52.0,4.0,27.0,20.0,10.0,21.0,21.0,8.0,1.0,4.0,3.0,92.0,77.0,14.0,22.0,21.0,1.0,78.0,31.0,3.0,25.0,18.0,3.0,33.0,9.0,1.0,3.0,7.0,62.0,63.0,16.0,7.0,45.0,48.0
South,2015,352.0,7.0,11.0,27.0,21.0,21.0,13.0,5.0,68.0,16.0,1.0,10.0,89.0,8.0,77.0,15.0,3.0,32.0,24.0,40.0,36.0,63.0,62.0,1.0,,1.0,100.0,,53.0,43.0,4.0,2517.0,2750.0,43.0,52.0,5.0,31.0,20.0,9.0,20.0,21.0,8.0,,4.0,3.0,92.0,75.0,16.0,23.0,22.0,1.0,77.0,30.0,4.0,25.0,18.0,3.0,32.0,10.0,1.0,3.0,7.0,61.0,63.0,17.0,8.0,42.0,50.0
South,2016,403.0,6.0,14.0,28.0,21.0,20.0,11.0,6.0,70.0,14.0,2.0,9.0,89.0,8.0,77.0,14.0,2.0,35.0,24.0,39.0,36.0,63.0,62.0,1.0,,1.0,100.0,,55.0,42.0,3.0,2450.0,2671.0,45.0,50.0,5.0,29.0,20.0,8.0,21.0,21.0,8.0,,5.0,3.0,92.0,73.0,17.0,21.0,20.0,1.0,79.0,30.0,4.0,27.0,17.0,3.0,34.0,9.0,1.0,3.0,6.0,65.0,63.0,16.0,7.0,46.0,47.0
South,2017,435.0,5.0,14.0,28.0,21.0,21.0,11.0,6.0,71.0,13.0,2.0,8.0,90.0,8.0,77.0,16.0,2.0,35.0,24.0,40.0,36.0,63.0,61.0,2.0,,,100.0,,57.0,40.0,3.0,2480.0,2700.0,46.0,49.0,5.0,29.0,22.0,8.0,20.0,20.0,8.0,,4.0,3.0,92.0,72.0,19.0,21.0,20.0,1.0,79.0,29.0,3.0,27.0,16.0,4.0,32.0,10.0,1.0,5.0,6.0,65.0,63.0,20.0,7.0,46.0,47.0
South,2018,448.0,6.0,14.0,28.0,22.0,20.0,10.0,7.0,70.0,14.0,1.0,7.0,92.0,8.0,78.0,14.0,2.0,35.0,24.0,39.0,37.0,63.0,61.0,2.0,,,100.0,,58.0,39.0,4.0,2445.0,2648.0,48.0,48.0,5.0,30.0,22.0,8.0,21.0,19.0,8.0,,4.0,3.0,92.0,74.0,18.0,18.0,17.0,1.0,82.0,31.0,3.0,27.0,16.0,4.0,33.0,11.0,1.0,3.0,6.0,64.0,63.0,19.0,7.0,46.0,47.0
South,2019,499.0,6.0,16.0,32.0,21.0,17.0,8.0,7.0,71.0,12.0,2.0,8.0,90.0,7.0,80.0,13.0,2.0,39.0,25.0,34.0,38.0,62.0,60.0,2.0,,,100.0,,63.0,33.0,4.0,2335.0,2532.0,51.0,45.0,4.0,32.0,21.0,9.0,20.0,18.0,7.0,,4.0,3.0,93.0,74.0,19.0,14.0,13.0,1.0,86.0,32.0,3.0,28.0,17.0,3.0,34.0,7.0,1.0,4.0,5.0,67.0,62.0,15.0,8.0,47.0,46.0
South,2020,506.0,6.0,16.0,32.0,22.0,16.0,7.0,6.0,72.0,12.0,1.0,9.0,90.0,6.0,82.0,11.0,2.0,40.0,24.0,35.0,41.0,59.0,58.0,1.0,,,100.0,,65.0,31.0,4.0,2293.0,2499.0,54.0,43.0,4.0,34.0,22.0,8.0,19.0,17.0,6.0,,3.0,3.0,94.0,75.0,19.0,15.0,15.0,1.0,85.0,28.0,3.0,27.0,19.0,3.0,35.0,6.0,1.0,3.0,6.0,66.0,63.0,13.0,7.0,46.0,47.0
South,2021,547.0,6.0,16.0,33.0,22.0,16.0,7.0,6.0,73.0,11.0,1.0,9.0,90.0,6.0,83.0,12.0,2.0,40.0,25.0,33.0,42.0,57.0,57.0,1.0,,,100.0,,67.0,28.0,5.0,2295.0,2491.0,52.0,44.0,4.0,35.0,24.0,7.0,17.0,17.0,6.0,,3.0,3.0,94.0,74.0,20.0,14.0,13.0,,86.0,31.0,3.0,27.0,17.0,4.0,36.0,6.0,1.0,3.0,7.0,67.0,62.0,14.0,7.0,45.0,48.0
South,2022,593.0,6.0,15.0,34.0,22.0,16.0,8.0,7.0,70.0,12.0,1.0,9.0,90.0,5.0,85.0,10.0,2.0,37.0,25.0,36.0,38.0,61.0,61.0,,,,100.0,,68.0,27.0,5.0,2319.0,2536.0,51.0,46.0,3.0,34.0,24.0,6.0,18.0,18.0,5.0,,3.0,2.0,95.0,74.0,20.0,14.0,14.0,1.0,86.0,32.0,3.0,28.0,15.0,3.0,39.0,5.0,1.0,3.0,6.0,71.0,62.0,12.0,6.0,43.0,52.0
South,2023,598.0,7.0,16.0,32.0,21.0,16.0,8.0,7.0,70.0,11.0,2.0,9.0,89.0,5.0,86.0,9.0,3.0,38.0,25.0,35.0,38.0,61.0,61.0,,,,100.0,,72.0,25.0,3.0,2270.0,2506.0,52.0,44.0,4.0,36.0,24.0,5.0,17.0,18.0,5.0,,3.0,2.0,95.0,76.0,18.0,14.0,14.0,1.0,86.0,31.0,3.0,28.0,14.0,3.0,41.0,6.0,1.0,3.0,5.0,73.0,64.0,13.0,8.0,44.0,48.0
South,2024,591.0,8.0,21.0,34.0,19.0,13.0,6.0,10.0,68.0,10.0,2.0,10.0,88.0,4.0,88.0,8.0,2.0,38.0,29.0,31.0,36.0,63.0,63.0,,,,100.0,,75.0,21.0,3.0,2158.0,2376.0,50.0,47.0,4.0,39.0,22.0,5.0,18.0,16.0,4.0,,2.0,2.0,96.0,74.0,21.0,14.0,13.0,,86.0,33.0,3.0,26.0,15.0,3.0,42.0,5.0,1.0,3.0,4.0,72.0,65.0,12.0,8.0,47.0,45.0
South,2025,584.0,9.0,21.0,32.0,19.0,13.0,7.0,11.0,66.0,11.0,2.0,10.0,88.0,4.0,88.0,8.0,3.0,36.0,29.0,32.0,36.0,63.0,63.0,,,1.0,100.0,,77.0,20.0,3.0,2162.0,2396.0,51.0,45.0,4.0,36.0,24.0,5.0,18.0,17.0,4.0,,2.0,2.0,96.0,74.0,21.0,13.0,12.0,1.0,87.0,33.0,3.0,24.0,15.0,3.0,41.0,5.0,1.0,4.0,7.0,70.0,65.0,13.0,8.0,48.0,44.0
US,1971,1014.0,,,,,,,18.0,39.0,,17.0,26.0,57.0,36.0,38.0,26.0,,,,,,,,,,,,,,,,,,,,,,,,,,,,,,,,,,,,,,,,,,,,,,,,,,,,
US,1972,1143.0,,,,,,,19.0,42.0,,17.0,22.0,61.0,37.0,39.0,24.0,,,,,,,,,,,,,,,,,,,,,,,,,,,,,,,,,,,,,,,,,,,,,,,,,,,,
US,1973,1197.0,,,,,,,17.0,48.0,,13.0,22.0,65.0,41.0,38.0,21.0,40.0,41.0,19.0,,74.0,,,,6.0,20.0,49.0,51.0,56.0,39.0,5.0,1525.0,1660.0,,,,,,,,,,,,,,,,,,,,,,,,,,,,,,,,,,,
US,1974,940.0,,,,,,,16.0,52.0,,10.0,22.0,68.0,45.0,36.0,19.0,40.0,40.0,21.0,,73.0,,,,6.0,21.0,48.0,52.0,51.0,43.0,6.0,1560.0,1695.0,,,,,,,,,,,,,,,,,,,,,,,,,,,,,,,,,,,
US,1975,875.0,,,,,,,14.0,53.0,,9.0,24.0,67.0,45.0,35.0,20.0,41.0,40.0,20.0,,72.0,,,,6.0,21.0,46.0,54.0,48.0,46.0,6.0,1535.0,1645.0,,,,,,,,,,,,,,,,,,,,,,,,,,,,,,,,,,,
US,1976,1034.0,,,,,,,13.0,59.0,,8.0,20.0,72.0,45.0,36.0,19.0,33.0,45.0,22.0,,76.0,,,,6.0,18.0,49.0,51.0,42.0,52.0,6.0,1590.0,1700.0,,,,,,,,,,,,,,,,,,,,,,,,,,,,,,,,,,,
US,1977,1258.0,,,,,,,14.0,60.0,,7.0,19.0,74.0,44.0,38.0,18.0,30.0,47.0,23.0,,78.0,,,,5.0,17.0,54.0,46.0,39.0,55.0,6.0,1610.0,1720.0,,,,,,,,,,,,,,,,,,,,,,,,,,,,,,,,,,,
US,1978,1369.0,,,,,,,12.0,62.0,,7.0,18.0,75.0,42.0,40.0,18.0,26.0,48.0,25.0,,57.0,25.0,,,5.0,14.0,58.0,42.0,36.0,58.0,6.0,1655.0,1755.0,,,,,,,,,,,,,,,,,,,,,,,,,,,,,,,,,,,
US,1979,1301.0,,,,,,,12.0,62.0,,7.0,20.0,73.0,42.0,39.0,19.0,27.0,48.0,26.0,,56.0,26.0,,,5.0,14.0,60.0,40.0,38.0,56.0,6.0,1645.0,1760.0,,,,,,,,,,,,,,,,,,,,,,,,,,,,,,,,,,,
US,1980,957.0,,,,,,,13.0,56.0,,7.0,24.0,69.0,36.0,45.0,19.0,28.0,48.0,25.0,,57.0,24.0,,,4.0,15.0,63.0,37.0,43.0,51.0,5.0,1595.0,1740.0,,,,,,,,,,,,,,,,,,,,,,,,,,,,,,,,,,,
US,1981,819.0,,,,,,,13.0,53.0,,8.0,25.0,67.0,33.0,47.0,20.0,30.0,46.0,24.0,,56.0,25.0,,,3.0,16.0,65.0,35.0,45.0,50.0,4.0,1550.0,1720.0,,,,,,,,,,,,,,,,,,,,,,,,,,,,,,,,,,,
US,1982,632.0,,,,,,,15.0,50.0,,8.0,27.0,65.0,31.0,49.0,20.0,33.0,45.0,22.0,,53.0,26.0,,,4.0,17.0,66.0,34.0,46.0,50.0,4.0,1520.0,1710.0,,,,,,,,,,,,,,,,,,,,,,,,,,,,,,,,,,,
US,1983,924.0,,,,,,,14.0,54.0,,7.0,25.0,68.0,32.0,51.0,17.0,28.0,48.0,24.0,,56.0,29.0,,,4.0,12.0,70.0,30.0,43.0,53.0,4.0,1565.0,1725.0,,,,,,,,,,,,,,,,,,,,,,,,,,,,,,,,,,,
US,1984,1025.0,,,,,,,14.0,56.0,,5.0,25.0,70.0,32.0,50.0,18.0,24.0,48.0,28.0,,55.0,30.0,,,4.0,11.0,71.0,29.0,41.0,54.0,5.0,1605.0,1780.0,,,,,,,,,,,,,,,,,,,,,,,,,,,,,,,,,,,
US,1985,1072.0,,,,,,,15.0,55.0,,5.0,25.0,70.0,35.0,48.0,18.0,24.0,48.0,29.0,,54.0,30.0,,,5.0,11.0,70.0,30.0,41.0,54.0,5.0,1605.0,1785.0,,,,,,,,,,,,,,,,,,,,,,,,,,,,,,,,,,,
US,1986,1120.0,,,,,,,14.0,60.0,,4.0,21.0,75.0,37.0,45.0,18.0,19.0,47.0,33.0,,54.0,29.0,,,7.0,10.0,69.0,31.0,38.0,58.0,5.0,1660.0,1825.0,,,,,,,,,,,,,,,,,,,,,,,,,,,,,,,,,,,
US,1987,1123.0,,,,,,,14.0,65.0,,3.0,18.0,79.0,39.0,43.0,18.0,17.0,45.0,26.0,12.0,57.0,27.0,,,7.0,9.0,71.0,29.0,38.0,57.0,5.0,1755.0,1905.0,,,,,,,,,,,,,,,,,,,,,,,,,,,,,,,,,,,
US,1988,1085.0,,,,,,,12.0,66.0,,3.0,18.0,79.0,39.0,41.0,19.0,15.0,44.0,28.0,14.0,60.0,26.0,,,7.0,8.0,75.0,25.0,35.0,59.0,6.0,1810.0,1995.0,,,,,,,,,,,,,,,,,,,,,,,,,,,,,,,,,,,
US,1989,1026.0,,,,,,,10.0,70.0,,3.0,17.0,80.0,37.0,43.0,19.0,14.0,42.0,28.0,16.0,63.0,24.0,,,6.0,7.0,77.0,23.0,35.0,58.0,7.0,1850.0,2035.0,,,,,,,,,,,,,,,,,,,,,,,,,,,,,,,,,,,
US,1990,966.0,,,,,,,10.0,72.0,,2.0,16.0,82.0,38.0,40.0,21.0,13.0,42.0,27.0,18.0,65.0,23.0,,,6.0,6.0,76.0,24.0,34.0,58.0,8.0,1905.0,2080.0,,,,,,,,,,,,,,,,,,,,,,,,,,,,,,,,,,,
US,1991,838.0,,,,,,,10.0,71.0,,3.0,17.0,80.0,40.0,38.0,22.0,14.0,43.0,27.0,17.0,65.0,23.0,,,6.0,7.0,75.0,25.0,37.0,56.0,6.0,1890.0,2075.0,,,,,,,,,,,,,,,,,,,,,,,,,,,,,,,,,,,
US,1992,964.0,,,,,,,8.0,64.0,11.0,2.0,15.0,83.0,42.0,38.0,20.0,13.0,40.0,33.0,14.0,66.0,24.0,,,6.0,5.0,77.0,23.0,37.0,58.0,6.0,1920.0,2095.0,,,,,,,,,,,,,,,,,,,,,,,,,,,,,,,,,,,
US,1993,1039.0,,,,,,,7.0,65.0,12.0,2.0,14.0,84.0,40.0,40.0,20.0,12.0,40.0,34.0,14.0,67.0,24.0,,,5.0,5.0,78.0,22.0,37.0,58.0,5.0,1945.0,2095.0,,,,,,,,,,,,,,,,,,,,,,,,,,,,,,,,,,,
US,1994,1160.0,,,,,,,8.0,65.0,13.0,2.0,13.0,85.0,39.0,41.0,20.0,11.0,40.0,34.0,15.0,67.0,24.0,,,5.0,4.0,79.0,21.0,36.0,59.0,5.0,1940.0,2100.0,,,,,,,,,,,,,,,,,,,,,,,,,,,,,,,,,,,
US,1995,1066.0,,,,,,,8.0,63.0,13.0,2.0,14.0,84.0,39.0,42.0,19.0,11.0,41.0,33.0,15.0,66.0,25.0,,,5.0,4.0,80.0,20.0,37.0,58.0,5.0,1920.0,2095.0,,,,,,,,,,,,,,,,,,,,,,,,,,,,,,,,,,,
US,1996,1129.0,,,,,,,8.0,64.0,14.0,1.0,13.0,86.0,37.0,44.0,19.0,9.0,41.0,33.0,16.0,70.0,23.0,,,5.0,2.0,81.0,19.0,38.0,59.0,3.0,1950.0,2120.0,,,,,,,,,,,,,,,,,,,,,,,,,,,,,,,,,,,
US,1997,1116.0,,,,,,,7.0,64.0,14.0,1.0,13.0,86.0,37.0,45.0,19.0,9.0,41.0,33.0,17.0,70.0,23.0,,,5.0,2.0,82.0,18.0,39.0,57.0,4.0,1975.0,2150.0,,,,,,,,,,,,,,,,,,,,,,,,,,,,,,,,,,,
US,1998,1160.0,,,,,,,7.0,64.0,15.0,1.0,12.0,87.0,37.0,45.0,18.0,8.0,41.0,34.0,18.0,72.0,21.0,,,4.0,3.0,83.0,17.0,39.0,56.0,5.0,2000.0,2190.0,,,,,,,,,,,,,,,,,,,,,,,,,,,,,,,,,,,
US,1999,1270.0,15.0,22.0,29.0,17.0,12.0,5.0,7.0,65.0,16.0,1.0,12.0,87.0,36.0,47.0,17.0,7.0,40.0,34.0,19.0,72.0,22.0,,,4.0,2.0,84.0,16.0,38.0,56.0,5.0,2028.0,2223.0,,,,,,,,,,,,,,,,,,,,,,,,,,,,,,,,,,,
US,2000,1242.0,14.0,22.0,29.0,17.0,13.0,5.0,7.0,65.0,17.0,1.0,11.0,88.0,37.0,46.0,17.0,7.0,39.0,34.0,20.0,71.0,23.0,22.0,1.0,4.0,2.0,85.0,15.0,40.0,54.0,5.0,2057.0,2266.0,,,,,,,,,,,,,,,,,,,,,,,,,,,,,,,,,,,
US,2001,1256.0,13.0,21.0,29.0,18.0,14.0,6.0,7.0,64.0,18.0,1.0,11.0,88.0,35.0,48.0,17.0,6.0,38.0,35.0,21.0,71.0,23.0,22.0,2.0,4.0,1.0,86.0,14.0,42.0,53.0,5.0,2103.0,2324.0,,,,,,,,,,,,,,,,,,,,,,,,,,,,,,,,,,,
US,2002,1325.0,13.0,21.0,28.0,18.0,14.0,6.0,6.0,64.0,18.0,1.0,10.0,89.0,34.0,50.0,16.0,6.0,39.0,34.0,21.0,71.0,23.0,22.0,2.0,4.0,2.0,87.0,13.0,42.0,53.0,5.0,2114.0,2320.0,,,,,,,,,,,,,,,,,,,,,,,,,,,,,,,,,,,
US,2003,1386.0,13.0,20.0,29.0,18.0,14.0,6.0,6.0,63.0,19.0,1.0,10.0,89.0,32.0,52.0,15.0,5.0,38.0,34.0,22.0,71.0,24.0,22.0,2.0,3.0,2.0,88.0,12.0,42.0,53.0,5.0,2137.0,2330.0,,,,,,,,,,,,,,,,,,,,,,,,,,,,,,,,,,,
US,2004,1532.0,12.0,20.0,28.0,19.0,14.0,6.0,7.0,64.0,19.0,1.0,9.0,90.0,31.0,54.0,15.0,5.0,39.0,33.0,24.0,70.0,26.0,24.0,2.0,3.0,1.0,90.0,10.0,45.0,51.0,4.0,2140.0,2349.0,,,,,,,,,,,,,,,,,,,,,,,,,,,,,,,,,,,
US,2005,1636.0,10.0,19.0,29.0,19.0,16.0,7.0,7.0,64.0,20.0,1.0,8.0,91.0,31.0,53.0,16.0,4.0,36.0,33.0,26.0,67.0,29.0,27.0,2.0,3.0,1.0,89.0,11.0,45.0,50.0,5.0,2227.0,2434.0,,,,,,,,,,,,,,,,,,,,,,,,,,,,,,,,,,,
US,2006,1654.0,10.0,19.0,27.0,20.0,16.0,8.0,8.0,64.0,19.0,1.0,9.0,90.0,29.0,56.0,15.0,5.0,36.0,33.0,26.0,63.0,33.0,31.0,2.0,3.0,2.0,89.0,11.0,47.0,48.0,5.0,2248.0,2469.0,,,,,,,,,,,,,,,,,,,,,,,,,,,,,,,,,,,
US,2007,1218.0,10.0,18.0,27.0,19.0,17.0,9.0,7.0,63.0,19.0,1.0,9.0,90.0,28.0,54.0,19.0,5.0,36.0,31.0,28.0,62.0,34.0,32.0,2.0,2.0,2.0,90.0,10.0,48.0,46.0,5.0,2277.0,2521.0,,,,,,,,,,,,,,,,,,,,,,,,,,,,,,,,,,,
US,2008,819.0,13.0,18.0,27.0,17.0,16.0,10.0,7.0,61.0,19.0,1.0,12.0,87.0,29.0,51.0,19.0,7.0,35.0,31.0,28.0,60.0,34.0,32.0,2.0,3.0,3.0,89.0,11.0,48.0,46.0,7.0,2215.0,2519.0,,,,,,,,,,,,,,,,,,,,,,,,,,,,,,,,,,,
US,2009,520.0,13.0,20.0,27.0,17.0,14.0,9.0,7.0,62.0,17.0,1.0,12.0,87.0,30.0,52.0,18.0,8.0,37.0,31.0,24.0,56.0,37.0,34.0,3.0,3.0,4.0,88.0,12.0,49.0,44.0,7.0,2135.0,2438.0,47.0,49.0,4.0,25.0,16.0,10.0,18.0,30.0,30.0,6.0,20.0,4.0,70.0,60.0,9.0,19.0,18.0,1.0,81.0,31.0,3.0,,,,,,,,,,,,,,
US,2010,496.0,13.0,19.0,27.0,18.0,15.0,7.0,6.0,63.0,16.0,1.0,13.0,86.0,30.0,52.0,18.0,8.0,36.0,32.0,25.0,56.0,38.0,35.0,3.0,2.0,3.0,88.0,12.0,51.0,43.0,6.0,2169.0,2392.0,47.0,50.0,3.0,26.0,15.0,11.0,19.0,28.0,30.0,5.0,19.0,5.0,70.0,59.0,10.0,18.0,17.0,1.0,82.0,32.0,2.0,15.0,22.0,6.0,24.0,12.0,2.0,5.0,14.0,46.0,63.0,25.0,,,
US,2011,447.0,13.0,19.0,25.0,18.0,17.0,9.0,6.0,62.0,18.0,1.0,13.0,86.0,30.0,53.0,17.0,8.0,34.0,31.0,28.0,56.0,38.0,36.0,2.0,2.0,4.0,88.0,12.0,50.0,44.0,6.0,2233.0,2480.0,46.0,50.0,4.0,26.0,16.0,11.0,22.0,26.0,30.0,5.0,19.0,6.0,70.0,58.0,10.0,20.0,19.0,1.0,80.0,32.0,3.0,15.0,22.0,6.0,26.0,12.0,2.0,5.0,13.0,48.0,65.0,25.0,,,
US,2012,483.0,11.0,17.0,26.0,19.0,18.0,8.0,7.0,61.0,19.0,1.0,11.0,88.0,30.0,54.0,16.0,7.0,32.0,31.0,30.0,58.0,38.0,36.0,2.0,2.0,3.0,89.0,11.0,51.0,43.0,6.0,2306.0,2505.0,44.0,52.0,4.0,27.0,19.0,11.0,20.0,22.0,30.0,5.0,18.0,7.0,70.0,56.0,12.0,19.0,18.0,1.0,81.0,34.0,3.0,16.0,21.0,5.0,28.0,11.0,1.0,5.0,12.0,50.0,65.0,22.0,,,
US,2013,569.0,8.0,16.0,27.0,20.0,19.0,10.0,6.0,64.0,21.0,1.0,9.0,90.0,29.0,55.0,16.0,5.0,30.0,32.0,33.0,58.0,38.0,36.0,2.0,1.0,2.0,91.0,9.0,49.0,45.0,6.0,2384.0,2598.0,41.0,54.0,5.0,29.0,17.0,11.0,21.0,22.0,29.0,3.0,18.0,8.0,71.0,55.0,14.0,19.0,18.0,2.0,81.0,36.0,4.0,17.0,20.0,6.0,29.0,10.0,2.0,5.0,12.0,53.0,64.0,23.0,,,
US,2014,620.0,8.0,14.0,26.0,21.0,20.0,11.0,6.0,62.0,23.0,1.0,9.0,90.0,28.0,57.0,15.0,4.0,30.0,30.0,36.0,57.0,39.0,38.0,1.0,1.0,2.0,91.0,9.0,49.0,46.0,5.0,2453.0,2657.0,42.0,53.0,5.0,27.0,18.0,10.0,21.0,23.0,28.0,3.0,17.0,7.0,72.0,56.0,14.0,20.0,18.0,1.0,80.0,34.0,4.0,20.0,18.0,6.0,28.0,10.0,2.0,6.0,11.0,56.0,62.0,24.0,,,
US,2015,648.0,8.0,13.0,26.0,21.0,20.0,11.0,6.0,61.0,24.0,1.0,9.0,90.0,27.0,58.0,15.0,4.0,29.0,29.0,38.0,56.0,41.0,40.0,1.0,1.0,2.0,93.0,7.0,51.0,44.0,5.0,2467.0,2687.0,42.0,52.0,5.0,30.0,18.0,10.0,20.0,22.0,27.0,2.0,17.0,8.0,73.0,55.0,16.0,21.0,20.0,1.0,79.0,32.0,4.0,19.0,19.0,5.0,28.0,10.0,2.0,6.0,10.0,55.0,63.0,23.0,,,
US,2016,738.0,7.0,15.0,27.0,21.0,19.0,11.0,6.0,63.0,22.0,1.0,8.0,91.0,27.0,59.0,14.0,3.0,31.0,29.0,37.0,56.0,41.0,39.0,1.0,1.0,2.0,93.0,7.0,52.0,43.0,5.0,2422.0,2640.0,44.0,51.0,5.0,30.0,19.0,9.0,20.0,22.0,27.0,2.0,16.0,8.0,73.0,54.0,18.0,20.0,19.0,1.0,80.0,33.0,4.0,20.0,18.0,5.0,30.0,10.0,2.0,6.0,9.0,58.0,64.0,23.0,,,
US,2017,795.0,7.0,15.0,27.0,21.0,20.0,10.0,6.0,65.0,20.0,1.0,7.0,92.0,26.0,60.0,15.0,4.0,31.0,29.0,37.0,57.0,41.0,39.0,2.0,1.0,2.0,93.0,7.0,55.0,40.0,5.0,2426.0,2631.0,44.0,50.0,5.0,31.0,21.0,9.0,18.0,21.0,26.0,2.0,15.0,8.0,74.0,54.0,19.0,19.0,17.0,1.0,81.0,33.0,4.0,20.0,17.0,6.0,30.0,10.0,2.0,6.0,8.0,58.0,63.0,24.0,,,
US,2018,840.0,7.0,16.0,28.0,22.0,19.0,9.0,7.0,64.0,21.0,1.0,7.0,92.0,25.0,60.0,14.0,4.0,31.0,29.0,36.0,58.0,40.0,39.0,1.0,1.0,2.0,93.0,7.0,56.0,39.0,5.0,2386.0,2588.0,46.0,49.0,5.0,32.0,21.0,9.0,19.0,20.0,25.0,2.0,15.0,8.0,75.0,55.0,18.0,17.0,16.0,1.0,83.0,34.0,4.0,20.0,17.0,6.0,32.0,10.0,2.0,5.0,8.0,59.0,64.0,23.0,,,
US,2019,903.0,7.0,17.0,31.0,21.0,17.0,8.0,7.0,65.0,19.0,1.0,7.0,92.0,23.0,64.0,14.0,3.0,34.0,29.0,33.0,57.0,41.0,39.0,2.0,1.0,1.0,94.0,6.0,61.0,34.0,5.0,2301.0,2509.0,48.0,47.0,5.0,33.0,20.0,9.0,19.0,20.0,23.0,2.0,14.0,7.0,77.0,58.0,19.0,14.0,13.0,1.0,86.0,33.0,4.0,20.0,18.0,5.0,33.0,9.0,2.0,5.0,8.0,60.0,65.0,21.0,,,
US,2020,912.0,7.0,18.0,32.0,21.0,15.0,8.0,6.0,67.0,18.0,1.0,7.0,92.0,22.0,65.0,12.0,3.0,35.0,28.0,34.0,59.0,39.0,38.0,1.0,1.0,1.0,95.0,5.0,63.0,32.0,4.0,2261.0,2480.0,50.0,45.0,5.0,35.0,21.0,8.0,18.0,19.0,22.0,2.0,13.0,7.0,78.0,58.0,19.0,14.0,14.0,1.0,86.0,32.0,4.0,20.0,19.0,5.0,34.0,9.0,2.0,5.0,8.0,61.0,67.0,21.0,,,
US,2021,970.0,7.0,17.0,32.0,21.0,16.0,7.0,6.0,67.0,19.0,1.0,7.0,92.0,21.0,66.0,12.0,3.0,35.0,30.0,33.0,60.0,38.0,37.0,1.0,1.0,1.0,96.0,4.0,64.0,31.0,5.0,2273.0,2480.0,49.0,47.0,4.0,36.0,22.0,8.0,16.0,18.0,21.0,2.0,13.0,7.0,79.0,58.0,20.0,13.0,13.0,1.0,87.0,34.0,4.0,20.0,17.0,5.0,34.0,8.0,2.0,5.0,9.0,61.0,64.0,20.0,,,
US,2022,1022.0,7.0,16.0,32.0,22.0,16.0,8.0,7.0,66.0,19.0,1.0,8.0,91.0,21.0,68.0,11.0,3.0,33.0,29.0,35.0,55.0,43.0,43.0,,1.0,1.0,97.0,3.0,65.0,30.0,4.0,2299.0,2509.0,48.0,47.0,4.0,36.0,21.0,7.0,17.0,19.0,21.0,1.0,12.0,8.0,79.0,59.0,20.0,13.0,12.0,1.0,87.0,35.0,4.0,21.0,17.0,5.0,36.0,8.0,2.0,4.0,7.0,63.0,65.0,19.0,,,
US,2023,999.0,9.0,18.0,30.0,20.0,15.0,8.0,8.0,66.0,17.0,2.0,8.0,90.0,18.0,72.0,10.0,4.0,34.0,28.0,34.0,53.0,45.0,44.0,1.0,1.0,2.0,98.0,2.0,68.0,28.0,4.0,2233.0,2485.0,49.0,46.0,5.0,36.0,21.0,6.0,17.0,20.0,18.0,1.0,10.0,6.0,82.0,61.0,19.0,14.0,13.0,1.0,86.0,34.0,4.0,22.0,18.0,4.0,36.0,8.0,2.0,4.0,6.0,64.0,66.0,18.0,,,
US,2024,1019.0,10.0,21.0,31.0,18.0,13.0,6.0,9.0,65.0,15.0,1.0,9.0,90.0,17.0,74.0,9.0,5.0,33.0,31.0,31.0,52.0,45.0,45.0,1.0,1.0,2.0,98.0,2.0,71.0,25.0,4.0,2146.0,2364.0,47.0,48.0,5.0,39.0,20.0,6.0,17.0,18.0,17.0,2.0,9.0,6.0,83.0,60.0,22.0,13.0,13.0,1.0,87.0,35.0,4.0,20.0,19.0,4.0,37.0,8.0,2.0,4.0,6.0,63.0,68.0,18.0,,,
US,2025,1005.0,11.0,21.0,30.0,18.0,13.0,7.0,10.0,64.0,15.0,2.0,9.0,89.0,16.0,75.0,9.0,4.0,33.0,30.0,32.0,49.0,48.0,48.0,1.0,1.0,3.0,98.0,2.0,73.0,23.0,3.0,2142.0,2378.0,48.0,46.0,5.0,37.0,22.0,6.0,17.0,18.0,16.0,1.0,9.0,5.0,84.0,61.0,22.0,13.0,12.0,1.0,87.0,34.0,4.0,19.0,18.0,4.0,37.0,7.0,2.0,4.0,8.0,62.0,66.0,17.0,,,
West,1971,204.0,,,,,,,14.0,54.0,,24.0,8.0,68.0,15.0,62.0,23.0,,,,,,,,,,,,,,,,,,,,,,,,,,,,,,,,,,,,,,,,,,,,,,,,,,,,
West,1972,239.0,,,,,,,12.0,57.0,,24.0,7.0,69.0,15.0,64.0,22.0,,,,,,,,,,,,,,,,,,,,,,,,,,,,,,,,,,,,,,,,,,,,,,,,,,,,
West,1973,253.0,,,,,,,11.0,66.0,,15.0,7.0,78.0,21.0,59.0,20.0,25.0,57.0,17.0,,86.0,,,,,14.0,41.0,59.0,44.0,49.0,7.0,1575.0,1715.0,,,,,,,,,,,,,,,,,,,,,,,,,,,,,,,,,16.0,55.0,29.0
West,1974,191.0,,,,,,,9.0,73.0,,11.0,8.0,81.0,28.0,48.0,23.0,25.0,56.0,20.0,,82.0,,,,,17.0,34.0,66.0,37.0,53.0,10.0,1540.0,1660.0,,,,,,,,,,,,,,,,,,,,,,,,,,,,,,,,,18.0,59.0,24.0
West,1975,182.0,,,,,,,9.0,72.0,,12.0,8.0,80.0,33.0,45.0,23.0,26.0,53.0,21.0,,78.0,,,,,21.0,29.0,71.0,34.0,55.0,11.0,1510.0,1635.0,,,,,,,,,,,,,,,,,,,,,,,,,,,,,,,,,16.0,57.0,27.0
West,1976,232.0,,,,,,,7.0,79.0,,8.0,5.0,87.0,31.0,48.0,22.0,18.0,59.0,23.0,,82.0,,,,1.0,17.0,29.0,71.0,28.0,63.0,10.0,1565.0,1685.0,,,,,,,,,,,,,,,,,,,,,,,,,,,,,,,,,12.0,58.0,29.0
West,1977,311.0,,,,,,,9.0,78.0,,7.0,6.0,87.0,32.0,49.0,19.0,17.0,58.0,25.0,,83.0,,,,1.0,16.0,36.0,64.0,26.0,63.0,11.0,1615.0,1730.0,,,,,,,,,,,,,,,,,,,,,,,,,,,,,,,,,14.0,57.0,30.0
West,1978,357.0,,,,,,,9.0,79.0,,8.0,5.0,87.0,31.0,50.0,20.0,17.0,56.0,27.0,,68.0,17.0,,,1.0,14.0,42.0,58.0,29.0,61.0,10.0,1630.0,1740.0,,,,,,,,,,,,,,,,,,,,,,,,,,,,,,,,,14.0,57.0,29.0
West,1979,337.0,,,,,,,9.0,75.0,,7.0,9.0,84.0,28.0,50.0,22.0,19.0,56.0,25.0,,62.0,20.0,,,1.0,17.0,46.0,54.0,33.0,58.0,9.0,1625.0,1730.0,,,,,,,,,,,,,,,,,,,,,,,,,,,,,,,,,18.0,56.0,26.0
West,1980,233.0,,,,,,,10.0,71.0,,8.0,10.0,82.0,28.0,52.0,21.0,20.0,55.0,24.0,,63.0,20.0,,,,16.0,47.0,53.0,36.0,55.0,9.0,1570.0,1735.0,,,,,,,,,,,,,,,,,,,,,,,,,,,,,,,,,21.0,55.0,25.0
West,1981,183.0,,,,,,,11.0,70.0,,10.0,10.0,80.0,23.0,55.0,23.0,22.0,54.0,25.0,,61.0,23.0,,,,15.0,51.0,49.0,39.0,53.0,8.0,1580.0,1735.0,,,,,,,,,,,,,,,,,,,,,,,,,,,,,,,,,25.0,53.0,22.0
West,1982,121.0,,,,,,,13.0,65.0,,9.0,13.0,78.0,21.0,55.0,23.0,24.0,54.0,22.0,,54.0,27.0,,,,19.0,53.0,47.0,43.0,51.0,6.0,1595.0,1740.0,,,,,,,,,,,,,,,,,,,,,,,,,,,,,,,,,28.0,53.0,19.0
West,1983,200.0,,,,,,,10.0,71.0,,8.0,11.0,81.0,21.0,60.0,19.0,21.0,56.0,23.0,,58.0,27.0,,,,13.0,55.0,45.0,43.0,52.0,5.0,1545.0,1695.0,,,,,,,,,,,,,,,,,,,,,,,,,,,,,,,,,29.0,52.0,19.0
West,1984,233.0,,,,,,,9.0,77.0,,6.0,9.0,85.0,17.0,62.0,20.0,14.0,57.0,29.0,,60.0,26.0,,,,12.0,55.0,45.0,37.0,57.0,7.0,1610.0,1785.0,,,,,,,,,,,,,,,,,,,,,,,,,,,,,,,,,25.0,53.0,21.0
West,1985,239.0,,,,,,,10.0,77.0,,5.0,8.0,87.0,20.0,59.0,21.0,16.0,56.0,28.0,,64.0,21.0,,,,15.0,49.0,51.0,34.0,59.0,7.0,1595.0,1770.0,,,,,,,,,,,,,,,,,,,,,,,,,,,,,,,,,23.0,55.0,21.0
West,1986,253.0,,,,,,,8.0,81.0,,5.0,6.0,89.0,19.0,59.0,21.0,13.0,54.0,33.0,,68.0,18.0,,,,13.0,50.0,50.0,30.0,63.0,7.0,1635.0,1800.0,,,,,,,,,,,,,,,,,,,,,,,,,,,,,,,,,19.0,58.0,22.0
West,1987,259.0,,,,,,,5.0,86.0,,4.0,4.0,92.0,16.0,63.0,21.0,11.0,52.0,20.0,17.0,71.0,15.0,,,,13.0,55.0,45.0,28.0,64.0,8.0,1730.0,1870.0,,,,,,,,,,,,,,,,,,,,,,,,,,,,,,,,,16.0,59.0,25.0
West,1988,248.0,,,,,,,4.0,87.0,,3.0,6.0,91.0,13.0,64.0,23.0,8.0,47.0,24.0,20.0,74.0,12.0,,,1.0,12.0,60.0,40.0,24.0,65.0,11.0,1845.0,1995.0,,,,,,,,,,,,,,,,,,,,,,,,,,,,,,,,,14.0,57.0,29.0
West,1989,257.0,,,,,,,3.0,91.0,,3.0,3.0,94.0,11.0,67.0,22.0,5.0,46.0,25.0,24.0,78.0,10.0,,,1.0,10.0,64.0,36.0,20.0,68.0,12.0,1910.0,2065.0,,,,,,,,,,,,,,,,,,,,,,,,,,,,,,,,,12.0,53.0,34.0
West,1990,255.0,,,,,,,3.0,91.0,,2.0,4.0,94.0,14.0,60.0,27.0,5.0,44.0,24.0,27.0,76.0,11.0,,,2.0,10.0,60.0,40.0,22.0,63.0,15.0,1985.0,2160.0,,,,,,,,,,,,,,,,,,,,,,,,,,,,,,,,,13.0,53.0,34.0
West,1991,205.0,,,,,,,5.0,88.0,,2.0,5.0,93.0,19.0,54.0,28.0,7.0,45.0,23.0,25.0,73.0,12.0,,,2.0,13.0,55.0,45.0,29.0,59.0,12.0,1980.0,2155.0,,,,,,,,,,,,,,,,,,,,,,,,,,,,,,,,,13.0,55.0,32.0
West,1992,232.0,,,,,,,3.0,71.0,20.0,2.0,4.0,94.0,23.0,52.0,25.0,7.0,44.0,30.0,20.0,75.0,13.0,,,3.0,9.0,54.0,46.0,30.0,61.0,9.0,1890.0,2090.0,,,,,,,,,,,,,,,,,,,,,,,,,,,,,,,,,12.0,56.0,32.0
West,1993,247.0,,,,,,,3.0,68.0,22.0,2.0,5.0,93.0,25.0,48.0,27.0,7.0,46.0,30.0,17.0,76.0,12.0,,,4.0,9.0,50.0,50.0,33.0,59.0,8.0,1845.0,2050.0,,,,,,,,,,,,,,,,,,,,,,,,,,,,,,,,,13.0,57.0,30.0
West,1994,285.0,,,,,,,4.0,66.0,25.0,2.0,5.0,93.0,23.0,50.0,27.0,7.0,45.0,29.0,18.0,78.0,11.0,,,5.0,7.0,50.0,50.0,35.0,58.0,8.0,1835.0,2025.0,,,,,,,,,,,,,,,,,,,,,,,,,,,,,,,,,13.0,55.0,32.0
West,1995,253.0,,,,,,,4.0,66.0,24.0,1.0,6.0,93.0,21.0,53.0,25.0,6.0,45.0,29.0,19.0,78.0,9.0,,,5.0,8.0,52.0,48.0,37.0,56.0,8.0,1835.0,2045.0,,,,,,,,,,,,,,,,,,,,,,,,,,,,,,,,,13.0,54.0,32.0
West,1996,269.0,,,,,,,4.0,62.0,28.0,1.0,4.0,95.0,21.0,54.0,25.0,5.0,44.0,30.0,20.0,82.0,9.0,,,4.0,5.0,54.0,46.0,35.0,60.0,5.0,1890.0,2070.0,,,,,,,,,,,,,,,,,,,,,,,,,,,,,,,,,13.0,51.0,36.0
West,1997,259.0,,,,,,,3.0,64.0,27.0,2.0,3.0,95.0,20.0,57.0,24.0,4.0,43.0,30.0,22.0,83.0,8.0,,,5.0,5.0,55.0,45.0,34.0,58.0,8.0,1930.0,2135.0,,,,,,,,,,,,,,,,,,,,,,,,,,,,,,,,,12.0,53.0,36.0
West,1998,283.0,,,,,,,4.0,62.0,29.0,1.0,3.0,96.0,20.0,56.0,23.0,5.0,40.0,32.0,24.0,83.0,7.0,,,4.0,6.0,55.0,45.0,34.0,57.0,9.0,1985.0,2200.0,,,,,,,,,,,,,,,,,,,,,,,,,,,,,,,,,11.0,51.0,38.0
West,1999,310.0,14.0,23.0,29.0,17.0,12.0,5.0,4.0,63.0,29.0,1.0,3.0,96.0,21.0,57.0,22.0,4.0,39.0,32.0,24.0,85.0,7.0,,,4.0,3.0,58.0,42.0,34.0,58.0,8.0,2001.0,2234.0,,,,,,,,,,,,,,,,,,,,,,,,,,,,,,,,,11.0,50.0,39.0
West,2000,286.0,14.0,24.0,28.0,17.0,12.0,5.0,3.0,62.0,30.0,1.0,3.0,96.0,21.0,56.0,23.0,5.0,38.0,31.0,26.0,84.0,7.0,7.0,1.0,5.0,3.0,60.0,40.0,37.0,55.0,8.0,2014.0,2244.0,,,,,,,,,,,,,,,,,,,,,,,,,,,,,,,,,11.0,50.0,39.0
West,2001,303.0,12.0,24.0,27.0,17.0,14.0,6.0,3.0,62.0,32.0,1.0,3.0,96.0,19.0,61.0,20.0,4.0,37.0,33.0,26.0,84.0,8.0,7.0,1.0,5.0,4.0,62.0,38.0,36.0,57.0,7.0,2080.0,2317.0,,,,,,,,,,,,,,,,,,,,,,,,,,,,,,,,,10.0,47.0,43.0
West,2002,325.0,13.0,22.0,27.0,18.0,14.0,6.0,3.0,60.0,33.0,1.0,3.0,96.0,18.0,63.0,19.0,3.0,37.0,32.0,28.0,84.0,8.0,7.0,1.0,4.0,3.0,66.0,34.0,36.0,55.0,9.0,2127.0,2350.0,,,,,,,,,,,,,,,,,,,,,,,,,,,,,,,,,10.0,47.0,42.0
West,2003,363.0,11.0,21.0,27.0,19.0,15.0,6.0,3.0,60.0,33.0,1.0,3.0,96.0,16.0,64.0,20.0,3.0,35.0,32.0,30.0,86.0,8.0,7.0,1.0,3.0,3.0,69.0,31.0,34.0,58.0,8.0,2166.0,2387.0,,,,,,,,,,,,,,,,,,,,,,,,,,,,,,,,,10.0,45.0,45.0
West,2004,409.0,11.0,21.0,29.0,19.0,15.0,6.0,3.0,61.0,31.0,2.0,2.0,96.0,15.0,65.0,20.0,3.0,37.0,31.0,29.0,88.0,7.0,6.0,1.0,3.0,2.0,74.0,26.0,40.0,53.0,7.0,2149.0,2352.0,,,,,,,,,,,,,,,,,,,,,,,,,,,,,,,,,9.0,45.0,45.0
West,2005,437.0,10.0,19.0,28.0,19.0,16.0,7.0,4.0,59.0,33.0,1.0,2.0,97.0,16.0,63.0,21.0,3.0,33.0,35.0,30.0,87.0,8.0,7.0,,3.0,3.0,73.0,27.0,40.0,53.0,8.0,2236.0,2434.0,,,,,,,,,,,,,,,,,,,,,,,,,,,,,,,,,10.0,45.0,45.0
West,2006,415.0,10.0,17.0,29.0,20.0,15.0,9.0,5.0,59.0,32.0,1.0,3.0,96.0,17.0,59.0,24.0,3.0,28.0,38.0,31.0,86.0,9.0,9.0,,2.0,3.0,73.0,27.0,40.0,52.0,8.0,2275.0,2488.0,,,,,,,,,,,,,,,,,,,,,,,,,,,,,,,,,10.0,43.0,47.0
West,2007,294.0,10.0,18.0,27.0,18.0,17.0,10.0,5.0,59.0,31.0,2.0,3.0,95.0,19.0,54.0,27.0,4.0,28.0,38.0,31.0,83.0,12.0,10.0,2.0,2.0,4.0,75.0,25.0,44.0,47.0,8.0,2286.0,2524.0,,,,,,,,,,,,,,,,,,,,,,,,,,,,,,,,,11.0,46.0,43.0
West,2008,190.0,13.0,19.0,26.0,16.0,16.0,10.0,6.0,59.0,28.0,1.0,5.0,94.0,20.0,53.0,27.0,5.0,27.0,37.0,30.0,78.0,12.0,10.0,2.0,2.0,7.0,71.0,29.0,47.0,44.0,9.0,2216.0,2508.0,,,,,,,,,,,,,,,,,,,,,,,,,,,,,,,,,13.0,46.0,40.0
West,2009,118.0,12.0,22.0,27.0,17.0,13.0,9.0,6.0,60.0,26.0,2.0,6.0,92.0,21.0,52.0,28.0,6.0,31.0,37.0,26.0,75.0,14.0,12.0,2.0,3.0,8.0,69.0,31.0,46.0,44.0,10.0,2140.0,2434.0,40.0,56.0,4.0,42.0,19.0,9.0,10.0,19.0,21.0,2.0,15.0,4.0,79.0,56.0,19.0,20.0,19.0,1.0,80.0,37.0,3.0,,,,,,,,,,,,13.0,49.0,38.0
West,2010,103.0,11.0,21.0,31.0,18.0,13.0,7.0,4.0,65.0,24.0,1.0,5.0,94.0,23.0,49.0,29.0,5.0,27.0,42.0,27.0,79.0,13.0,11.0,2.0,2.0,6.0,64.0,36.0,48.0,44.0,8.0,2143.0,2386.0,37.0,60.0,3.0,47.0,18.0,8.0,11.0,15.0,23.0,3.0,16.0,4.0,77.0,50.0,25.0,20.0,19.0,1.0,80.0,40.0,3.0,15.0,19.0,4.0,31.0,8.0,2.0,9.0,12.0,57.0,67.0,23.0,13.0,47.0,40.0
West,2011,91.0,9.0,21.0,29.0,19.0,14.0,7.0,4.0,62.0,28.0,1.0,5.0,94.0,25.0,46.0,29.0,6.0,25.0,42.0,28.0,81.0,10.0,9.0,1.0,2.0,7.0,62.0,38.0,47.0,45.0,8.0,2199.0,2457.0,37.0,59.0,4.0,42.0,19.0,9.0,13.0,17.0,25.0,2.0,16.0,6.0,75.0,49.0,23.0,20.0,20.0,,80.0,40.0,4.0,16.0,18.0,6.0,29.0,9.0,2.0,9.0,11.0,56.0,65.0,26.0,12.0,46.0,43.0
West,2012,101.0,7.0,19.0,31.0,20.0,16.0,7.0,4.0,64.0,28.0,1.0,3.0,96.0,26.0,45.0,29.0,3.0,25.0,43.0,28.0,85.0,9.0,8.0,1.0,1.0,5.0,66.0,34.0,47.0,44.0,8.0,2281.0,2502.0,36.0,59.0,6.0,44.0,21.0,10.0,13.0,12.0,26.0,2.0,17.0,7.0,74.0,44.0,27.0,18.0,17.0,1.0,82.0,42.0,5.0,15.0,16.0,4.0,35.0,9.0,2.0,9.0,9.0,61.0,69.0,24.0,8.0,46.0,46.0
West,2013,129.0,5.0,18.0,28.0,23.0,18.0,8.0,3.0,64.0,30.0,1.0,3.0,96.0,27.0,46.0,27.0,2.0,23.0,42.0,33.0,85.0,11.0,11.0,1.0,1.0,3.0,73.0,27.0,49.0,44.0,7.0,2360.0,2523.0,36.0,57.0,7.0,48.0,19.0,8.0,14.0,10.0,27.0,1.0,16.0,9.0,73.0,44.0,28.0,16.0,15.0,1.0,84.0,42.0,6.0,18.0,15.0,4.0,35.0,7.0,2.0,8.0,11.0,63.0,65.0,21.0,8.0,44.0,48.0
West,2014,138.0,6.0,16.0,25.0,24.0,19.0,9.0,4.0,59.0,33.0,1.0,3.0,96.0,27.0,49.0,24.0,3.0,23.0,38.0,35.0,84.0,11.0,10.0,1.0,1.0,4.0,73.0,27.0,50.0,44.0,6.0,2453.0,2603.0,40.0,53.0,7.0,41.0,21.0,11.0,14.0,13.0,27.0,1.0,16.0,9.0,73.0,44.0,27.0,14.0,13.0,1.0,86.0,40.0,6.0,20.0,13.0,5.0,33.0,7.0,3.0,9.0,10.0,65.0,62.0,24.0,10.0,43.0,48.0
West,2015,147.0,5.0,15.0,28.0,23.0,20.0,9.0,4.0,57.0,35.0,1.0,3.0,96.0,27.0,51.0,22.0,3.0,23.0,35.0,39.0,82.0,13.0,13.0,1.0,1.0,4.0,77.0,23.0,54.0,42.0,5.0,2435.0,2615.0,42.0,53.0,5.0,41.0,21.0,11.0,14.0,13.0,27.0,1.0,17.0,8.0,73.0,43.0,28.0,17.0,16.0,1.0,83.0,37.0,4.0,16.0,17.0,3.0,34.0,7.0,3.0,10.0,10.0,63.0,68.0,23.0,9.0,41.0,50.0
West,2016,164.0,4.0,17.0,27.0,23.0,19.0,10.0,5.0,61.0,31.0,1.0,2.0,97.0,27.0,52.0,20.0,2.0,23.0,37.0,38.0,84.0,12.0,12.0,1.0,1.0,3.0,78.0,22.0,54.0,40.0,5.0,2430.0,2632.0,41.0,55.0,4.0,46.0,19.0,10.0,12.0,12.0,27.0,1.0,16.0,10.0,73.0,40.0,31.0,19.0,18.0,1.0,81.0,37.0,3.0,15.0,16.0,3.0,36.0,8.0,2.0,10.0,10.0,63.0,70.0,23.0,9.0,41.0,50.0
West,2017,180.0,6.0,15.0,29.0,25.0,17.0,8.0,3.0,63.0,30.0,1.0,3.0,96.0,26.0,54.0,20.0,3.0,23.0,35.0,38.0,82.0,14.0,14.0,1.0,1.0,3.0,79.0,21.0,60.0,32.0,7.0,2398.0,2548.0,42.0,52.0,6.0,46.0,21.0,8.0,11.0,13.0,26.0,1.0,16.0,9.0,74.0,43.0,30.0,15.0,14.0,1.0,85.0,38.0,5.0,14.0,16.0,4.0,40.0,8.0,3.0,8.0,8.0,65.0,72.0,23.0,10.0,42.0,48.0
West,2018,214.0,6.0,17.0,30.0,23.0,16.0,8.0,4.0,63.0,29.0,1.0,3.0,96.0,26.0,52.0,22.0,3.0,23.0,38.0,36.0,82.0,14.0,14.0,,,3.0,82.0,18.0,61.0,33.0,6.0,2341.0,2527.0,42.0,53.0,6.0,46.0,21.0,8.0,12.0,13.0,26.0,1.0,14.0,10.0,74.0,43.0,30.0,16.0,15.0,1.0,84.0,37.0,5.0,14.0,14.0,4.0,43.0,7.0,2.0,8.0,8.0,67.0,72.0,21.0,9.0,44.0,47.0
West,2019,221.0,8.0,18.0,31.0,23.0,14.0,7.0,4.0,64.0,28.0,1.0,3.0,96.0,24.0,54.0,22.0,3.0,27.0,37.0,33.0,79.0,17.0,16.0,1.0,1.0,3.0,83.0,17.0,66.0,28.0,6.0,2279.0,2450.0,45.0,48.0,7.0,46.0,21.0,7.0,12.0,14.0,24.0,,14.0,9.0,76.0,46.0,29.0,15.0,14.0,1.0,85.0,34.0,6.0,14.0,14.0,5.0,41.0,9.0,2.0,7.0,8.0,64.0,71.0,23.0,11.0,46.0,43.0
West,2020,223.0,7.0,20.0,31.0,20.0,14.0,8.0,4.0,65.0,26.0,1.0,4.0,95.0,24.0,55.0,20.0,4.0,27.0,34.0,36.0,80.0,17.0,16.0,1.0,,3.0,86.0,14.0,67.0,28.0,5.0,2242.0,2449.0,46.0,48.0,6.0,49.0,20.0,7.0,11.0,12.0,24.0,1.0,14.0,9.0,76.0,47.0,28.0,12.0,11.0,1.0,88.0,37.0,5.0,13.0,15.0,3.0,44.0,8.0,3.0,7.0,7.0,67.0,74.0,21.0,11.0,44.0,45.0
West,2021,237.0,8.0,19.0,32.0,18.0,16.0,7.0,4.0,65.0,27.0,1.0,3.0,96.0,22.0,58.0,20.0,3.0,26.0,35.0,36.0,79.0,17.0,16.0,1.0,,4.0,87.0,13.0,70.0,25.0,5.0,2206.0,2446.0,43.0,51.0,6.0,52.0,20.0,8.0,10.0,10.0,22.0,1.0,13.0,8.0,78.0,46.0,30.0,14.0,13.0,1.0,86.0,37.0,5.0,12.0,15.0,4.0,43.0,8.0,3.0,7.0,9.0,65.0,73.0,22.0,11.0,42.0,47.0
West,2022,233.0,8.0,19.0,30.0,21.0,15.0,7.0,4.0,64.0,27.0,1.0,4.0,95.0,24.0,58.0,18.0,3.0,24.0,36.0,36.0,72.0,25.0,25.0,,,3.0,93.0,7.0,71.0,26.0,3.0,2284.0,2457.0,43.0,51.0,6.0,50.0,17.0,9.0,12.0,13.0,24.0,,12.0,12.0,76.0,46.0,28.0,12.0,11.0,1.0,88.0,40.0,5.0,13.0,17.0,5.0,43.0,9.0,2.0,5.0,7.0,63.0,74.0,21.0,11.0,43.0,46.0
West,2023,214.0,11.0,20.0,30.0,17.0,14.0,8.0,5.0,64.0,24.0,1.0,6.0,93.0,19.0,65.0,16.0,5.0,27.0,33.0,35.0,67.0,29.0,28.0,1.0,,4.0,95.0,5.0,74.0,22.0,4.0,2126.0,2413.0,45.0,49.0,6.0,52.0,16.0,6.0,11.0,14.0,19.0,1.0,9.0,9.0,81.0,49.0,30.0,12.0,11.0,1.0,88.0,38.0,5.0,13.0,24.0,3.0,37.0,7.0,3.0,5.0,8.0,58.0,73.0,18.0,13.0,44.0,42.0
West,2024,227.0,12.0,23.0,28.0,19.0,12.0,7.0,5.0,65.0,22.0,1.0,7.0,92.0,18.0,68.0,14.0,6.0,26.0,33.0,34.0,64.0,31.0,30.0,,,6.0,96.0,4.0,76.0,19.0,5.0,2131.0,2357.0,44.0,50.0,6.0,55.0,14.0,7.0,11.0,14.0,18.0,,8.0,9.0,82.0,50.0,31.0,12.0,12.0,1.0,88.0,38.0,5.0,10.0,27.0,3.0,40.0,6.0,2.0,5.0,7.0,57.0,78.0,16.0,14.0,45.0,41.0
West,2025,224.0,14.0,21.0,29.0,17.0,12.0,7.0,7.0,65.0,22.0,1.0,6.0,93.0,16.0,70.0,14.0,5.0,26.0,34.0,35.0,51.0,42.0,42.0,,,6.0,96.0,4.0,77.0,19.0,4.0,2090.0,2336.0,46.0,46.0,8.0,56.0,14.0,7.0,10.0,12.0,16.0,,8.0,6.0,84.0,51.0,32.0,11.0,10.0,1.0,89.0,36.0,7.0,11.0,23.0,3.0,41.0,7.0,3.0,5.0,8.0,60.0,76.0,18.0,13.0,43.0,43.0
