state,year,homes_millions,avg_total_sqft,avg_heated_sqft,avg_cooled_sqft,pct_single_family,pct_detached,pct_basement,pct_basement_finished_of_basements,pct_finished_basement_all_homes,pct_basement_heated_of_basements,pct_attic,pct_attic_finished_of_attics,pct_attached_garage,pct_garage_1car_of_garages,pct_garage_2car_of_garages,pct_garage_3plus_car_of_garages,pct_stories_1,pct_stories_2,pct_stories_3plus,pct_stories_split_level,pct_heat_furnace,pct_heat_central_heat_pump,pct_heat_mini_split,pct_no_heating,avg_full_baths,pct_2plus_full_baths,pct_owners_count_basement_in_sqft,pct_owners_count_attic_in_sqft,pct_owners_count_garage_in_sqft
AZ,2009,1.535,2217.0,1925.0,1892.0,100.0,95.0,3.5,,1.8,,18.9,3.6,82.1,6.4,72.1,21.5,81.6,17.2,1.2,0.0,60.4,32.7,0.0,2.9,2.09,87.6,,,
AZ,2020,1.916,2025.0,1839.0,1816.0,100.0,93.9,2.9,66.0,1.9,36.6,52.4,10.8,80.1,8.4,65.9,25.7,81.1,17.7,0.7,0.5,58.8,26.2,0.8,6.2,2.11,89.1,49.7,8.5,21.0
AZ,2024,2.123,2086.0,1780.0,1788.0,100.0,92.6,3.0,82.1,2.5,,55.1,9.5,74.3,12.7,61.5,25.8,77.3,20.6,1.2,0.9,,,,,2.13,90.4,31.2,11.5,22.4
CA,2009,7.915,1990.0,1523.0,972.0,100.0,89.2,6.8,43.7,3.0,20.4,20.3,8.1,69.2,16.8,70.5,12.7,69.9,27.3,2.0,0.8,68.3,1.3,0.0,9.4,1.92,71.4,,,
CA,2020,8.554,1851.0,1603.0,1234.0,100.0,88.6,8.2,53.5,4.4,14.0,55.0,12.0,72.9,18.4,66.4,15.1,64.6,30.8,3.2,1.4,75.5,2.5,0.7,6.7,1.98,76.7,34.7,12.7,28.3
CA,2024,8.959,1890.0,1600.0,1296.0,100.0,88.4,7.9,44.1,3.5,,56.0,13.4,74.6,19.6,67.1,13.3,65.3,30.3,3.1,1.3,,,,,2.06,78.8,19.5,9.8,24.8
CO,2009,1.405,2514.0,2177.0,852.0,100.0,85.5,57.0,65.3,37.2,75.1,24.5,2.5,61.8,14.4,64.8,20.8,54.3,36.8,7.0,2.0,74.7,0.0,0.0,1.1,1.95,65.0,,,
CO,2020,1.581,2458.0,2379.0,1852.0,100.0,90.7,72.6,75.2,54.6,91.5,55.1,3.2,73.1,16.8,63.7,19.5,42.2,46.5,5.6,5.6,88.2,0.7,0.0,0.0,2.22,80.2,62.9,11.8,15.3
CO,2024,1.736,2449.0,2330.0,1774.0,100.0,88.8,66.6,84.0,56.0,,61.9,5.2,76.4,14.3,56.8,28.9,52.0,37.7,5.4,4.8,,,,,2.28,84.1,68.2,8.4,22.9
FL,2009,4.455,2026.0,1783.0,1851.0,100.0,94.1,0.4,,0.2,,26.7,8.8,63.9,22.7,69.4,7.9,85.8,13.3,0.3,0.6,58.3,28.5,0.0,6.9,2.01,83.3,,,
FL,2020,5.175,1923.0,1418.0,1732.0,100.0,90.0,1.4,,1.0,,64.2,7.6,73.7,25.0,65.8,9.2,82.0,16.9,0.7,0.4,36.2,34.9,1.2,22.9,2.05,84.7,,12.3,29.2
FL,2024,5.976,1985.0,1360.0,1784.0,100.0,88.6,1.8,,1.8,,70.9,8.9,79.9,22.1,65.2,12.7,79.5,18.9,1.0,0.6,,,,,2.18,89.7,,14.2,29.8
GA,2009,2.754,2623.0,2236.0,2136.0,100.0,96.3,19.5,50.5,9.9,41.5,56.3,3.4,62.0,8.0,87.3,4.7,53.8,43.2,1.8,1.2,74.4,16.9,0.0,0.0,2.09,81.2,,,
GA,2020,2.954,2271.0,2031.0,1898.0,100.0,91.0,21.1,69.7,14.7,60.9,79.9,15.0,58.3,16.5,78.3,5.2,51.5,42.3,3.3,2.9,63.3,25.6,0.7,0.8,2.18,82.1,50.3,14.1,31.3
GA,2024,3.06,2529.0,2175.0,2058.0,100.0,93.4,25.8,70.0,18.0,,82.9,15.8,64.8,10.4,80.5,9.1,51.6,42.8,2.7,2.8,,,,,2.26,84.1,55.5,11.7,24.6
IL,2009,3.266,2774.0,2390.0,1865.0,100.0,95.6,67.1,60.4,40.5,73.7,32.9,9.9,49.9,19.9,72.4,7.7,48.9,45.2,1.1,4.7,85.6,0.9,0.0,0.0,1.77,56.1,,,
IL,2020,3.09,2444.0,2232.0,2046.0,100.0,91.2,77.6,57.8,44.9,78.2,65.3,11.6,58.1,16.2,68.4,15.4,44.4,46.4,3.7,5.5,88.8,1.6,0.0,0.7,1.86,65.1,33.8,14.0,17.2
IL,2024,3.354,2559.0,2343.0,2082.0,100.0,90.3,77.5,61.4,47.6,,67.6,10.7,62.7,14.2,63.3,22.5,47.7,45.7,2.3,4.2,,,,,1.95,72.2,33.0,11.1,11.4
MA,2009,1.309,2916.0,2104.0,947.0,100.0,89.2,87.1,35.0,30.5,33.4,42.7,13.6,36.5,40.1,56.5,3.4,28.7,65.2,5.4,0.8,45.3,0.3,0.0,0.0,1.6,49.0,,,
MA,2020,1.546,2501.0,2023.0,1132.0,100.0,90.0,93.0,49.8,46.3,44.1,72.0,14.7,46.5,31.4,63.2,5.5,24.6,66.2,8.1,1.1,63.7,0.9,1.2,0.3,1.75,59.3,31.2,14.7,11.9
MA,2024,1.608,2526.0,2084.0,1275.0,100.0,89.2,91.2,50.4,45.9,,69.9,16.1,45.5,36.6,57.1,6.2,26.4,65.9,6.0,1.7,,,,,1.78,61.7,27.3,17.7,15.9
MI,2009,2.758,2389.0,1854.0,1174.0,100.0,96.2,82.8,54.1,44.7,59.0,29.0,5.9,36.1,14.4,80.9,4.7,47.6,49.3,1.6,1.5,86.8,0.8,0.0,0.6,1.49,41.4,,,
MI,2020,3.01,2329.0,2170.0,1578.0,100.0,93.0,80.4,59.9,48.2,79.7,73.8,10.7,56.2,13.5,80.2,6.2,55.1,39.0,3.1,2.8,88.5,0.9,0.0,0.0,1.65,52.8,29.1,9.7,11.1
MI,2024,3.201,2369.0,2192.0,1715.0,100.0,93.4,86.0,56.8,48.8,,65.1,9.0,55.3,11.7,75.3,13.0,44.0,48.7,3.3,4.0,,,,,1.73,57.0,27.3,14.0,8.5
MO,2009,1.83,2708.0,2176.0,1996.0,100.0,93.7,74.4,55.6,41.4,64.8,27.4,6.7,64.6,20.4,66.5,13.1,70.8,25.6,1.2,2.4,84.2,4.3,0.0,0.0,1.84,60.6,,,
MO,2020,1.852,2363.0,2197.0,2028.0,100.0,93.5,69.6,61.5,42.8,81.7,67.9,9.3,65.2,21.5,61.2,17.3,69.4,26.0,0.5,4.1,79.7,6.8,0.5,0.8,1.94,68.5,30.3,12.1,22.2
MO,2024,1.95,2337.0,2064.0,1919.0,100.0,94.3,75.2,53.4,40.1,,70.4,9.9,63.7,26.8,57.9,15.3,68.3,28.0,0.5,3.2,,,,,1.84,63.5,29.8,13.0,16.8
NJ,2009,2.28,2977.0,2388.0,1897.0,100.0,91.8,60.8,48.4,29.4,36.1,61.6,3.9,62.6,44.0,48.4,7.6,36.5,56.4,4.4,2.7,61.9,0.0,0.0,0.0,1.83,63.4,,,
NJ,2020,2.148,2405.0,2122.0,1784.0,100.0,83.6,69.3,55.2,38.2,55.1,74.8,16.1,58.5,42.0,54.3,3.7,27.5,60.6,6.4,5.5,69.2,0.7,0.4,0.0,1.92,71.6,33.6,17.9,21.2
NJ,2024,2.213,2352.0,1936.0,1661.0,100.0,84.8,71.3,51.0,36.3,,71.6,18.4,57.9,47.7,48.3,4.0,30.5,60.2,5.3,4.0,,,,,1.83,65.3,31.3,17.4,25.9
NY,2009,3.453,2779.0,2132.0,1053.0,100.0,89.0,84.4,42.5,35.9,40.2,40.7,12.5,44.9,54.0,41.5,4.5,26.4,66.5,3.7,3.4,57.2,0.2,0.0,0.0,1.6,48.4,,,
NY,2020,3.485,2407.0,2041.0,1214.0,100.0,86.2,85.4,50.6,43.2,53.6,59.4,16.8,52.3,44.0,50.8,5.3,29.0,62.0,6.0,3.0,65.6,1.0,0.7,0.0,1.75,56.9,27.5,16.1,21.5
NY,2024,3.665,2377.0,2020.0,1258.0,100.0,88.1,85.1,49.2,41.9,,63.8,18.2,49.6,44.0,51.4,4.5,29.0,61.7,4.3,5.1,,,,,1.76,60.8,27.7,16.3,18.9
PA,2009,3.554,2713.0,2013.0,1408.0,100.0,73.1,83.2,41.1,34.2,46.4,43.1,23.5,50.7,35.0,52.1,12.9,30.9,61.6,4.3,3.2,52.4,9.0,0.0,0.0,1.54,46.1,,,
PA,2020,3.909,2330.0,2016.0,1387.0,100.0,79.0,87.7,54.1,47.5,59.9,60.1,23.2,51.6,42.4,50.8,6.8,27.2,62.8,7.1,2.9,61.1,7.5,1.1,0.2,1.66,53.9,34.0,23.7,17.8
PA,2024,4.077,2386.0,2063.0,1421.0,100.0,75.0,89.8,46.5,41.8,,68.1,18.7,52.2,39.3,54.9,5.8,26.9,65.0,6.6,1.5,,,,,1.66,54.8,33.7,20.3,19.4
TN,2009,1.65,2288.0,2031.0,1923.0,100.0,97.2,18.7,46.8,8.7,46.5,42.9,5.1,46.1,21.3,71.7,7.0,69.1,29.7,1.1,0.0,66.6,20.2,0.0,0.0,1.84,67.1,,,
TN,2020,1.961,2253.0,1931.0,1791.0,100.0,96.5,29.3,52.9,15.5,53.8,74.4,18.1,51.9,18.2,71.6,10.2,66.3,30.3,1.1,2.4,57.2,32.2,1.1,0.4,1.92,70.6,42.0,13.5,24.8
TN,2024,2.153,2147.0,1821.0,1651.0,100.0,93.9,29.7,52.6,15.6,,74.9,18.2,52.0,25.5,61.7,12.8,59.8,37.1,1.0,2.1,,,,,1.98,74.1,52.5,15.8,24.4
TX,2009,6.019,2090.0,1877.0,1826.0,100.0,94.2,0.8,,0.2,,51.3,4.1,57.5,14.8,76.0,9.2,76.9,22.2,0.8,0.0,80.9,3.5,0.0,2.0,1.85,69.1,,,
TX,2020,7.03,2087.0,1846.0,1795.0,100.0,96.5,2.5,52.1,1.3,19.4,78.7,15.7,68.0,16.1,71.7,12.2,72.2,26.0,1.0,0.8,70.4,14.5,0.8,3.1,2.04,81.0,33.5,11.5,30.9
TX,2024,7.85,2162.0,1846.0,1791.0,100.0,95.7,1.2,,0.3,,82.4,17.6,68.6,13.3,74.6,12.0,72.0,26.5,0.5,1.0,,,,,2.07,82.2,,13.3,34.8
VA,2009,2.058,2798.0,2446.0,2259.0,100.0,89.5,41.4,61.3,25.4,69.9,47.4,5.7,53.9,23.5,73.9,2.6,36.2,58.1,3.8,1.9,41.8,41.4,0.0,0.0,2.15,81.5,,,
VA,2020,2.272,2395.0,2185.0,1992.0,100.0,88.4,47.1,73.1,34.5,76.7,75.5,14.1,48.0,32.1,63.4,4.5,36.1,55.3,5.0,3.6,58.8,26.7,1.2,0.3,2.16,77.5,56.2,17.2,26.7
VA,2024,2.52,2443.0,2186.0,1942.0,100.0,83.5,48.8,75.1,36.7,,76.7,16.9,45.3,34.1,61.7,4.1,36.7,55.3,5.2,2.7,,,,,2.13,75.7,55.5,19.6,25.1
WI,2009,1.684,3110.0,2492.0,1583.0,100.0,92.1,94.1,54.3,51.1,63.5,20.1,10.5,59.5,12.7,72.7,14.6,47.6,50.7,1.1,0.6,85.0,0.0,0.0,0.0,1.64,49.6,,,
WI,2020,1.741,2470.0,2267.0,1836.0,100.0,93.9,94.8,48.5,46.0,77.3,59.0,8.9,58.8,19.8,61.8,18.4,52.2,40.8,3.1,3.9,88.4,0.8,0.0,0.4,1.59,49.8,31.5,10.9,7.6
WI,2024,1.789,2441.0,2210.0,1812.0,100.0,93.3,90.1,51.0,45.9,,66.6,5.2,58.0,14.2,63.4,22.5,48.0,44.4,3.3,4.4,,,,,1.8,59.7,37.7,10.5,15.8
AK,2020,0.188,2056.0,2007.0,43.0,100.0,84.8,24.9,75.0,18.7,85.0,33.0,12.5,66.6,30.9,55.3,13.8,33.7,55.6,5.3,5.4,38.9,0.3,0.0,0.4,1.85,69.4,72.1,20.3,28.5
AK,2024,0.197,2066.0,2032.0,62.0,100.0,88.0,24.8,76.5,19.0,,38.7,10.3,60.7,28.9,55.7,15.4,44.1,42.6,6.4,6.9,,,,,1.84,69.9,67.0,8.8,24.5
AL,2020,1.342,2043.0,1794.0,1618.0,100.0,97.3,19.3,63.9,12.3,50.9,71.3,10.5,41.4,25.4,70.9,3.7,79.5,18.1,0.2,2.2,46.8,38.8,0.0,0.0,1.89,71.3,33.3,10.1,25.2
AL,2024,1.52,2242.0,1926.0,1674.0,100.0,97.2,16.3,73.1,11.9,,79.4,18.3,50.5,17.6,71.2,11.2,75.0,21.9,1.3,1.8,,,,,1.99,74.7,56.7,10.2,26.5
AR,2020,0.873,2065.0,1830.0,1572.0,100.0,96.0,10.3,75.3,7.8,56.3,75.4,21.6,55.4,18.8,71.7,9.5,84.3,14.2,0.0,1.5,64.4,17.3,0.9,0.3,1.85,64.9,37.7,11.8,24.3
AR,2024,0.915,2046.0,1661.0,1469.0,100.0,97.4,7.2,56.3,4.1,,78.8,19.6,57.6,24.2,62.4,13.4,82.1,16.2,1.0,0.6,,,,,1.79,66.4,17.8,14.0,16.1
CT,2020,0.913,2604.0,2147.0,1425.0,100.0,91.6,90.5,43.3,39.2,45.2,71.5,9.0,57.2,33.2,52.3,14.6,27.7,63.4,5.4,3.5,70.6,1.4,0.4,0.0,1.84,62.4,32.4,14.5,17.7
CT,2024,0.959,2583.0,2053.0,1404.0,100.0,89.6,91.7,45.5,41.7,,70.2,13.7,61.5,30.8,64.0,5.2,28.5,63.1,5.9,2.5,,,,,1.79,64.3,27.3,13.7,13.2
DC,2020,0.087,2117.0,1877.0,1644.0,100.0,30.8,78.3,93.4,73.2,79.5,47.9,16.7,24.1,75.0,25.0,0.0,0.0,79.9,20.1,0.0,62.7,5.5,1.2,2.3,2.21,85.0,53.4,26.1,28.7
DC,2024,0.103,2038.0,1876.0,1641.0,100.0,32.0,83.2,86.0,71.5,,50.1,35.8,16.3,67.4,28.1,4.5,1.5,76.3,21.6,0.7,,,,,2.22,78.6,64.4,48.1,46.6
DE,2020,0.282,2425.0,2104.0,1906.0,100.0,86.8,57.2,48.0,27.5,49.9,70.1,6.1,65.7,21.8,73.1,5.1,41.4,53.4,5.1,0.0,64.2,19.0,2.2,0.0,1.92,74.4,32.5,9.1,12.1
DE,2024,0.314,2422.0,2144.0,1960.0,100.0,80.2,56.9,60.8,34.6,,62.0,9.2,68.6,21.9,73.1,5.0,35.4,54.3,8.0,2.3,,,,,1.98,74.0,48.3,11.0,13.2
HI,2020,0.31,1783.0,62.0,551.0,100.0,88.7,10.0,62.9,6.3,,34.9,14.9,70.2,21.7,73.5,4.8,58.1,37.3,2.8,1.8,1.3,0.3,0.0,94.0,2.06,75.2,51.4,11.3,31.0
HI,2024,0.321,1656.0,22.0,587.0,100.0,84.8,5.0,,3.9,,39.5,9.7,64.8,15.2,78.9,6.0,52.9,41.5,1.4,4.2,,,,,2.08,76.6,,19.6,42.9
IA,2020,1.036,2371.0,2177.0,1836.0,100.0,93.5,88.3,53.9,47.6,79.4,61.6,12.8,56.8,17.3,66.3,16.4,55.6,39.0,2.0,3.4,86.2,4.3,0.3,0.0,1.7,53.1,35.8,15.1,14.2
IA,2024,1.046,2489.0,2356.0,2104.0,100.0,93.8,88.0,64.9,57.1,,75.3,11.8,65.1,21.0,55.7,23.2,53.2,44.9,0.0,1.9,,,,,1.94,67.4,35.1,10.2,12.4
ID,2020,0.512,2247.0,2098.0,1590.0,100.0,95.1,41.8,82.2,34.3,77.1,53.2,7.5,71.8,13.1,57.8,29.1,60.5,32.9,2.3,4.3,76.2,2.7,0.5,0.0,2.07,75.8,71.3,10.5,21.1
ID,2024,0.586,2212.0,2073.0,1599.0,100.0,94.9,30.9,80.9,25.0,,57.3,6.5,77.2,11.4,57.3,31.3,64.5,32.6,1.1,1.8,,,,,2.09,83.4,67.0,2.5,14.9
IN,2020,2.115,2269.0,2059.0,1869.0,100.0,94.1,54.7,51.2,28.0,69.7,74.3,10.0,62.8,17.0,69.9,13.1,62.1,33.3,1.5,3.0,84.9,6.4,0.3,0.5,1.74,60.1,36.7,12.0,15.6
IN,2024,2.163,2338.0,2118.0,1823.0,100.0,94.7,49.8,55.1,27.4,,73.7,15.9,57.1,10.8,74.3,14.9,59.2,34.9,4.3,1.6,,,,,1.73,58.1,42.2,16.9,15.0
KS,2020,0.842,2309.0,2128.0,1982.0,100.0,93.8,73.4,77.3,56.7,82.3,73.8,5.9,71.5,27.7,53.7,18.6,57.9,30.2,3.1,8.7,90.2,3.4,0.0,0.0,1.95,63.4,51.9,13.8,22.1
KS,2024,0.942,2215.0,1946.0,1849.0,100.0,93.3,72.3,69.0,49.9,,71.5,7.4,65.9,28.5,52.5,19.0,64.7,26.5,3.6,5.1,,,,,1.95,64.5,47.1,9.4,23.0
KY,2020,1.325,2191.0,1981.0,1800.0,100.0,95.1,46.2,65.5,30.3,73.8,73.3,13.2,45.4,27.2,65.1,7.6,67.4,28.9,1.7,2.0,69.6,20.8,0.0,0.0,1.83,65.6,45.0,16.8,24.0
KY,2024,1.332,2352.0,2114.0,1900.0,100.0,95.4,49.8,56.7,28.2,,67.8,10.6,56.3,22.2,67.6,10.1,57.6,34.4,3.3,4.6,,,,,1.93,69.9,51.6,13.3,21.7
LA,2020,1.2,2022.0,1694.0,1579.0,100.0,96.7,2.7,,2.1,,85.4,26.3,43.9,13.2,84.3,2.5,81.0,16.2,1.8,1.0,62.4,20.1,0.2,3.4,1.89,72.2,,16.7,39.2
LA,2024,1.317,2179.0,1821.0,1734.0,100.0,95.8,0.0,,0.0,,88.1,20.1,46.3,21.0,67.9,11.1,84.1,13.5,0.5,1.9,,,,,1.95,76.0,,14.4,29.4
MD,2020,1.577,2424.0,2235.0,2016.0,100.0,76.4,78.0,79.9,62.3,79.2,73.9,13.3,46.8,29.3,66.1,4.5,22.9,64.4,8.1,4.7,66.0,19.7,0.3,1.0,2.11,76.8,53.9,19.3,25.3
MD,2024,1.77,2434.0,2208.0,2082.0,100.0,70.7,76.5,82.2,62.9,,77.5,15.7,47.0,32.0,65.3,2.7,23.0,59.7,13.2,4.1,,,,,2.19,79.1,55.1,25.5,19.8
ME,2020,0.376,2447.0,1957.0,513.0,100.0,95.4,86.8,36.9,32.0,46.3,54.2,11.0,40.1,23.1,72.6,4.3,39.6,56.9,2.9,0.6,45.2,0.7,3.1,0.0,1.53,46.3,19.2,10.7,7.7
ME,2024,0.427,2396.0,1985.0,529.0,100.0,96.2,82.0,34.2,28.0,,58.2,12.4,43.9,26.2,68.7,5.1,36.4,57.3,3.7,2.6,,,,,1.66,52.5,18.1,14.6,12.9
MN,2020,1.681,2328.0,2192.0,1787.0,100.0,93.0,85.6,69.3,59.3,85.2,58.2,16.3,64.0,18.1,55.9,26.0,44.5,43.6,3.3,8.6,83.1,1.4,0.0,0.0,1.87,64.9,55.1,21.2,13.8
MN,2024,1.729,2354.0,2270.0,1915.0,100.0,89.5,85.8,75.9,65.1,,54.8,15.5,60.1,12.7,50.9,36.4,39.6,43.8,7.3,9.4,,,,,2.0,73.6,66.7,12.2,12.9
MS,2020,0.734,2205.0,1995.0,1879.0,100.0,97.7,4.3,,2.8,,80.4,16.9,54.6,12.1,81.8,6.1,72.7,25.4,0.7,1.2,61.6,24.7,0.0,0.6,2.05,74.6,,11.8,26.4
MS,2024,0.855,2098.0,1764.0,1668.0,100.0,98.1,0.6,,0.6,,78.2,20.8,48.1,24.0,65.9,10.1,81.5,18.5,0.0,0.0,,,,,1.99,74.1,,13.7,35.5
MT,2020,0.309,2234.0,2115.0,1024.0,100.0,93.1,53.9,90.6,48.9,87.5,46.9,3.4,53.9,16.1,72.6,11.3,59.8,31.7,4.5,4.0,68.6,0.8,1.6,0.0,2.01,71.6,70.8,6.1,14.8
MT,2024,0.34,2306.0,2112.0,1134.0,100.0,93.0,60.9,74.7,45.5,,47.9,10.1,55.7,21.4,58.8,19.8,63.8,28.7,2.7,4.9,,,,,1.97,73.2,54.2,10.9,13.2
NC,2020,2.936,2218.0,1996.0,1821.0,100.0,90.7,18.8,47.7,9.0,49.0,78.1,13.9,52.6,19.4,73.0,7.6,54.7,43.0,1.8,0.5,50.8,38.2,0.0,0.7,1.99,77.3,31.6,9.1,23.0
NC,2024,3.21,2329.0,2035.0,1766.0,100.0,92.5,20.6,64.2,13.2,,82.2,19.7,53.0,22.4,69.3,8.2,54.1,43.2,2.1,0.6,,,,,2.08,77.6,44.0,12.6,23.2
ND,2020,0.2,2567.0,2458.0,1872.0,100.0,87.7,88.4,81.7,72.2,90.4,56.9,11.1,71.1,16.3,57.5,26.2,54.3,29.3,6.7,9.7,77.6,1.2,0.0,0.0,2.04,75.9,58.0,17.0,15.5
ND,2024,0.222,2836.0,2699.0,2168.0,100.0,88.7,88.3,84.8,74.9,,61.9,10.0,71.9,13.8,50.4,35.7,52.4,30.2,6.1,11.3,,,,,2.15,78.6,56.5,7.9,13.9
NE,2020,0.553,2342.0,2199.0,1978.0,100.0,94.6,90.6,73.0,66.1,88.3,59.5,11.4,65.9,22.3,59.0,18.6,63.5,26.5,3.0,7.1,84.6,6.0,0.0,0.9,1.92,61.8,53.4,22.9,15.8
NE,2024,0.627,2330.0,2167.0,2038.0,100.0,94.6,91.1,73.6,67.0,,69.6,10.2,67.5,21.5,60.6,17.9,52.8,32.5,5.9,8.8,,,,,2.07,77.9,50.2,15.1,11.9
NH,2020,0.369,2633.0,2211.0,871.0,100.0,92.3,91.3,44.7,40.8,52.6,59.1,6.8,49.5,30.1,65.0,4.9,21.9,68.3,5.6,4.2,56.7,2.2,1.3,0.0,1.64,52.5,22.3,4.2,0.0
NH,2024,0.386,2809.0,2165.0,1145.0,100.0,92.3,91.1,36.9,33.6,,66.6,13.8,54.6,22.1,65.3,12.7,25.5,65.3,6.2,3.1,,,,,1.8,64.8,24.3,9.2,10.5
NM,2020,0.538,1959.0,1850.0,1516.0,100.0,95.1,5.7,,3.7,,37.9,15.5,70.7,17.7,70.5,11.8,75.8,22.3,0.0,1.9,75.2,1.7,0.0,0.0,1.97,82.3,,8.8,20.7
NM,2024,0.599,1843.0,1664.0,1392.0,100.0,94.1,4.0,,1.8,,40.5,10.1,66.8,23.4,67.5,9.1,79.1,18.8,1.3,0.9,,,,,1.86,74.2,,15.1,28.0
NV,2020,0.72,2009.0,1874.0,1696.0,100.0,90.8,4.6,,3.5,,51.5,18.3,84.0,11.2,62.0,26.8,62.4,34.4,3.2,0.0,84.3,3.9,0.8,1.2,2.16,90.5,,7.1,25.6
NV,2024,0.844,2037.0,1820.0,1760.0,100.0,91.5,4.8,,3.2,,55.0,11.4,84.5,5.1,60.8,34.1,62.4,35.3,0.3,2.0,,,,,2.24,91.0,,12.3,31.0
OH,2020,3.542,2381.0,2168.0,1835.0,100.0,94.6,80.7,48.1,38.8,74.0,65.7,12.5,65.5,20.7,67.3,12.0,44.6,49.9,2.2,3.3,84.2,6.5,0.4,0.0,1.77,59.8,29.9,10.8,15.0
OH,2024,3.719,2279.0,2025.0,1683.0,100.0,93.1,76.6,50.1,38.4,,66.2,16.7,56.0,20.4,70.9,8.6,45.6,45.4,6.6,2.4,,,,,1.7,58.7,35.0,17.3,15.8
OK,2020,1.128,1962.0,1765.0,1654.0,100.0,96.4,3.8,,2.7,,86.6,15.2,70.0,19.8,60.0,20.2,87.2,12.4,0.0,0.4,75.3,12.3,1.0,0.0,1.85,66.8,,10.4,26.3
OK,2024,1.224,1904.0,1663.0,1602.0,100.0,96.8,8.4,41.1,3.4,,82.3,14.6,66.3,19.2,59.2,21.6,79.6,19.4,0.0,1.0,,,,,1.84,66.1,24.6,13.6,33.3
OR,2020,1.168,1986.0,1861.0,1308.0,100.0,94.1,26.6,77.6,20.6,67.9,58.6,15.0,66.4,18.2,67.9,14.0,55.4,36.2,3.9,4.6,62.9,15.0,1.9,0.6,1.92,73.2,53.2,11.4,22.6
OR,2024,1.192,1934.0,1804.0,1400.0,100.0,92.1,21.9,72.9,16.0,,59.9,9.9,73.7,30.3,55.1,14.5,56.7,36.8,3.8,2.7,,,,,1.92,76.9,58.1,12.4,18.9
RI,2020,0.265,2343.0,1934.0,1155.0,100.0,94.8,87.3,50.3,43.9,50.7,64.3,16.4,44.7,34.2,56.5,9.4,28.4,60.6,6.7,4.3,57.4,0.0,1.3,0.7,1.7,55.6,31.7,21.1,21.7
RI,2024,0.271,2310.0,1843.0,1104.0,100.0,93.6,90.5,52.1,47.2,,69.3,6.2,44.9,33.5,60.8,5.7,31.1,64.3,3.4,1.1,,,,,1.63,53.5,30.2,11.6,10.9
SC,2020,1.376,2044.0,1843.0,1743.0,100.0,92.9,9.6,62.3,6.0,58.5,83.0,14.5,49.0,22.7,72.2,5.1,65.1,33.0,1.5,0.4,47.7,42.7,0.9,1.4,2.08,82.0,37.8,10.7,27.5
SC,2024,1.6,2118.0,1934.0,1814.0,100.0,94.3,4.6,,3.8,,86.7,13.0,66.8,22.8,70.0,7.1,56.4,40.1,3.6,0.0,,,,,2.14,84.5,,14.3,20.4
SD,2020,0.252,2448.0,2267.0,1911.0,100.0,93.7,84.2,76.4,64.3,83.8,63.2,9.5,70.2,21.3,50.2,28.5,62.6,30.1,2.1,5.2,78.8,5.7,0.8,0.0,2.04,76.2,58.4,14.3,12.6
SD,2024,0.273,2480.0,2355.0,1982.0,100.0,92.7,85.9,77.8,66.8,,57.2,7.9,74.5,12.5,55.2,32.3,63.7,28.1,2.0,6.2,,,,,2.06,76.4,59.1,11.4,12.1
UT,2020,0.815,2461.0,2370.0,2027.0,100.0,89.7,73.2,88.4,64.7,91.0,54.1,10.1,75.8,14.6,66.5,18.9,66.7,25.6,5.4,2.3,92.6,1.8,0.6,0.0,2.33,85.0,74.7,20.8,22.5
UT,2024,0.884,2707.0,2542.0,2206.0,100.0,88.3,74.9,88.0,65.9,,62.7,8.0,80.2,10.2,69.0,20.7,52.4,33.3,4.2,10.1,,,,,2.37,85.7,76.0,4.9,16.3
VT,2020,0.169,2354.0,2052.0,401.0,100.0,94.3,82.2,39.7,32.6,56.0,54.3,14.2,42.9,29.9,64.1,6.0,26.9,66.3,3.0,3.9,47.5,0.4,1.7,0.0,1.7,55.1,25.8,18.7,16.7
VT,2024,0.202,2511.0,2159.0,567.0,100.0,94.6,88.6,38.3,33.9,,53.4,9.3,39.5,34.2,62.6,3.3,24.5,73.0,1.6,0.9,,,,,1.78,62.6,21.1,7.2,18.0
WA,2020,1.881,2081.0,1907.0,878.0,100.0,95.7,28.8,78.4,22.6,77.3,57.8,15.6,63.3,19.5,65.3,15.2,48.4,41.2,4.4,6.0,62.7,9.2,5.7,1.3,1.9,72.4,61.3,8.2,26.3
WA,2024,2.089,2188.0,2007.0,1211.0,100.0,93.0,34.3,69.7,23.9,,57.8,14.9,67.9,19.1,58.1,22.8,47.8,45.2,3.7,3.4,,,,,2.05,80.8,65.0,12.0,20.7
WV,2020,0.51,2219.0,1955.0,1517.0,100.0,93.1,54.9,50.0,27.5,66.1,62.5,19.4,36.7,27.7,66.4,5.9,55.1,42.3,0.6,2.0,55.3,20.5,0.0,0.8,1.69,53.6,45.4,20.2,23.6
WV,2024,0.558,2286.0,2020.0,1688.0,100.0,96.1,64.0,58.3,37.3,,64.1,19.8,45.5,35.8,58.5,5.7,50.8,41.7,5.3,2.2,,,,,1.86,67.5,37.5,17.6,28.5
WY,2020,0.168,2212.0,2109.0,1278.0,100.0,92.5,73.9,80.9,59.8,85.2,52.6,4.9,60.4,22.5,60.2,17.2,63.4,31.1,2.4,3.1,71.2,1.3,0.0,0.0,2.0,74.0,71.1,20.9,19.1
WY,2024,0.187,2306.0,2173.0,1138.0,100.0,94.4,65.1,78.7,51.3,,57.7,7.3,59.8,31.9,55.8,12.3,67.9,23.6,1.0,7.5,,,,,1.94,70.2,60.7,12.4,14.2
