state,homes_millions,avg_total_sqft,avg_heated_sqft,avg_cooled_sqft,median_total_sqft,pct_single_family,pct_detached,pct_basement,pct_basement_finished_of_basements,pct_basement_heated_of_basements,pct_basement_cooled_of_basements,pct_finished_basement_all_homes,pct_owners_count_basement_in_sqft,pct_attic,pct_attic_finished_of_attics,pct_attic_heated_of_attics,pct_owners_count_attic_in_sqft,pct_attached_garage,pct_garage_1car_of_garages,pct_garage_2car_of_garages,pct_garage_3plus_car_of_garages,pct_owners_count_garage_in_sqft,pct_stories_1,pct_stories_2,pct_stories_3plus,pct_stories_split_level,pct_heat_furnace,pct_heat_central_heat_pump,pct_heat_mini_split,pct_heat_boiler,pct_heat_electric_baseboard,pct_no_heating,pct_ac_central,pct_ac_mini_split,pct_ac_window,pct_no_ac,avg_full_baths,avg_half_baths,pct_2plus_full_baths,pct_built_2000_or_later,pct_built_before_1950,climate_zone_main,climate_zone_main_pct,iecc_zone_main
US,84.519,2207.0,1951.0,1638.0,1980.0,100.0,91.2,43.6,58.9,68.0,51.2,25.7,38.6,66.9,13.6,6.3,13.4,61.3,21.8,66.0,12.2,22.9,55.8,38.4,3.1,2.7,68.6,12.7,0.7,5.7,2.5,3.1,74.4,1.5,11.8,9.7,1.92,0.42,70.7,20.7,17.4,Cold,35.1,5A
AK,0.188,2056.0,2007.0,43.0,1950.0,100.0,84.8,24.9,75.0,85.0,,18.7,72.1,33.0,12.5,10.1,20.3,66.6,30.9,55.3,13.8,28.5,33.7,55.6,5.3,5.4,38.9,0.3,0.0,36.0,2.9,0.4,1.2,0.4,2.8,93.1,1.85,0.45,69.4,28.8,4.4,Very-Cold,77.6,7AK
AL,1.342,2043.0,1794.0,1618.0,1650.0,100.0,97.3,19.3,63.9,50.9,39.3,12.3,33.3,71.3,10.5,4.1,10.1,41.4,25.4,70.9,3.7,25.2,79.5,18.1,0.2,2.2,46.8,38.8,0.0,0.0,0.6,0.0,83.8,0.0,11.4,4.8,1.89,0.27,71.3,23.1,13.3,Mixed-Humid,62.3,3A
AR,0.873,2065.0,1830.0,1572.0,1730.0,100.0,96.0,10.3,75.3,56.3,51.9,7.8,37.7,75.4,21.6,6.9,11.8,55.4,18.8,71.7,9.5,24.3,84.3,14.2,0.0,1.5,64.4,17.3,0.9,0.0,2.6,0.3,75.1,0.9,16.6,6.2,1.85,0.27,64.9,22.2,12.6,Mixed-Humid,97.0,3A
AZ,1.916,2025.0,1839.0,1816.0,1800.0,100.0,93.9,2.9,66.0,36.6,29.1,1.9,49.7,52.4,10.8,7.4,8.5,80.1,8.4,65.9,25.7,21.0,81.1,17.7,0.7,0.5,58.8,26.2,0.8,0.4,1.6,6.2,88.5,0.6,3.2,4.9,2.11,0.25,89.1,35.8,3.9,Hot-Dry,90.3,2B
CA,8.554,1851.0,1603.0,1234.0,1700.0,100.0,88.6,8.2,53.5,14.0,10.1,4.4,34.7,55.0,12.0,4.2,12.7,72.9,18.4,66.4,15.1,28.3,64.6,30.8,3.2,1.4,75.5,2.5,0.7,0.8,1.4,6.7,62.4,1.5,7.0,25.0,1.98,0.31,76.7,15.4,15.1,Hot-Dry,73.7,3B
CO,1.581,2458.0,2379.0,1852.0,2230.0,100.0,90.7,72.6,75.2,91.5,72.3,54.6,62.9,55.1,3.2,1.0,11.8,73.1,16.8,63.7,19.5,15.3,42.2,46.5,5.6,5.6,88.2,0.7,0.0,5.7,2.0,0.0,64.6,0.6,4.3,16.6,2.22,0.49,80.2,25.4,10.9,Cold,98.6,5B
CT,0.913,2604.0,2147.0,1425.0,2250.0,100.0,91.6,90.5,43.3,45.2,17.4,39.2,32.4,71.5,9.0,7.3,14.5,57.2,33.2,52.3,14.6,17.7,27.7,63.4,5.4,3.5,70.6,1.4,0.4,21.0,4.0,0.0,45.6,3.4,40.9,6.5,1.84,0.59,62.4,11.4,28.7,Cold,100.0,5A
DC,0.087,2117.0,1877.0,1644.0,1950.0,100.0,30.8,78.3,93.4,79.5,58.6,73.2,53.4,47.9,16.7,9.0,26.1,24.1,75.0,25.0,0.0,28.7,0.0,79.9,20.1,0.0,62.7,5.5,1.2,24.8,1.1,2.3,78.5,1.2,14.2,5.0,2.21,0.66,85.0,5.3,73.1,Mixed-Humid,100.0,4A
DE,0.282,2425.0,2104.0,1906.0,2100.0,100.0,86.8,57.2,48.0,49.9,40.1,27.5,32.5,70.1,6.1,1.3,9.1,65.7,21.8,73.1,5.1,12.1,41.4,53.4,5.1,0.0,64.2,19.0,2.2,3.1,6.7,0.0,86.0,2.2,9.3,2.6,1.92,0.55,74.4,32.2,8.4,Mixed-Humid,100.0,4A
FL,5.175,1923.0,1418.0,1732.0,1770.0,100.0,90.0,1.4,,,,1.0,,64.2,7.6,4.3,12.3,73.7,25.0,65.8,9.2,29.2,82.0,16.9,0.7,0.4,36.2,34.9,1.2,0.0,2.0,22.9,93.6,0.6,1.6,4.0,2.05,0.26,84.7,29.4,5.8,Hot-Humid,100.0,2A
GA,2.954,2271.0,2031.0,1898.0,1950.0,100.0,91.0,21.1,69.7,60.9,58.9,14.7,50.3,79.9,15.0,6.6,14.1,58.3,16.5,78.3,5.2,31.3,51.5,42.3,3.3,2.9,63.3,25.6,0.7,0.3,2.1,0.8,87.8,1.1,7.1,3.9,2.18,0.46,82.1,30.2,8.6,Mixed-Humid,79.2,3A
HI,0.31,1783.0,62.0,551.0,1600.0,100.0,88.7,10.0,62.9,,29.6,6.3,51.4,34.9,14.9,,11.3,70.2,21.7,73.5,4.8,31.0,58.1,37.3,2.8,1.8,1.3,0.3,0.0,0.8,0.0,94.0,10.6,14.7,29.1,40.0,2.06,0.4,75.2,16.4,9.5,Hot-Humid,100.0,1A
IA,1.036,2371.0,2177.0,1836.0,2250.0,100.0,93.5,88.3,53.9,79.4,65.0,47.6,35.8,61.6,12.8,6.8,15.1,56.8,17.3,66.3,16.4,14.2,55.6,39.0,2.0,3.4,86.2,4.3,0.3,5.8,1.7,0.0,84.5,1.2,11.4,2.7,1.7,0.41,53.1,13.4,33.5,Cold,100.0,5A
ID,0.512,2247.0,2098.0,1590.0,2060.0,100.0,95.1,41.8,82.2,77.1,64.5,34.3,71.3,53.2,7.5,3.5,10.5,71.8,13.1,57.8,29.1,21.1,60.5,32.9,2.3,4.3,76.2,2.7,0.5,1.3,6.0,0.0,69.8,1.0,10.2,17.3,2.07,0.29,75.8,36.0,12.8,Cold,100.0,5B
IL,3.09,2444.0,2232.0,2046.0,2260.0,100.0,91.2,77.6,57.8,78.2,65.6,44.9,33.8,65.3,11.6,9.8,14.0,58.1,16.2,68.4,15.4,17.2,44.4,46.4,3.7,5.5,88.8,1.6,0.0,6.4,1.1,0.7,87.8,0.3,8.9,2.1,1.86,0.52,65.1,13.5,24.5,Cold,84.5,5A
IN,2.115,2269.0,2059.0,1869.0,1990.0,100.0,94.1,54.7,51.2,69.7,63.4,28.0,36.7,74.3,10.0,7.1,12.0,62.8,17.0,69.9,13.1,15.6,62.1,33.3,1.5,3.0,84.9,6.4,0.3,3.5,2.2,0.5,84.9,0.2,10.0,4.9,1.74,0.43,60.1,18.6,23.9,Cold,79.5,5A
KS,0.842,2309.0,2128.0,1982.0,2080.0,100.0,93.8,73.4,77.3,82.3,73.6,56.7,51.9,73.8,5.9,2.5,13.8,71.5,27.7,53.7,18.6,22.1,57.9,30.2,3.1,8.7,90.2,3.4,0.0,0.6,0.6,0.0,93.0,0.0,5.3,1.7,1.95,0.41,63.4,18.6,21.8,Mixed-Humid,94.8,4A
KY,1.325,2191.0,1981.0,1800.0,1850.0,100.0,95.1,46.2,65.5,73.8,68.5,30.3,45.0,73.3,13.2,5.1,16.8,45.4,27.2,65.1,7.6,24.0,67.4,28.9,1.7,2.0,69.6,20.8,0.0,1.4,1.6,0.0,85.0,0.3,9.5,4.7,1.83,0.32,65.6,19.2,12.5,Mixed-Humid,100.0,4A
LA,1.2,2022.0,1694.0,1579.0,1840.0,100.0,96.7,2.7,,,,2.1,,85.4,26.3,7.1,16.7,43.9,13.2,84.3,2.5,39.2,81.0,16.2,1.8,1.0,62.4,20.1,0.2,0.0,5.5,3.4,77.4,0.2,13.3,7.6,1.89,0.29,72.2,21.4,16.6,Hot-Humid,97.7,2A
MA,1.546,2501.0,2023.0,1132.0,2380.0,100.0,90.0,93.0,49.8,44.1,12.2,46.3,31.2,72.0,14.7,5.0,14.7,46.5,31.4,63.2,5.5,11.9,24.6,66.2,8.1,1.1,63.7,0.9,1.2,26.4,3.3,0.3,39.4,7.5,38.6,8.1,1.75,0.56,59.3,10.7,31.1,Cold,100.0,5A
MD,1.577,2424.0,2235.0,2016.0,2150.0,100.0,76.4,78.0,79.9,79.2,68.8,62.3,53.9,73.9,13.3,9.0,19.3,46.8,29.3,66.1,4.5,25.3,22.9,64.4,8.1,4.7,66.0,19.7,0.3,5.9,4.2,1.0,83.9,1.9,8.7,5.5,2.11,0.73,76.8,14.1,14.1,Mixed-Humid,99.6,4A
ME,0.376,2447.0,1957.0,513.0,2250.0,100.0,95.4,86.8,36.9,46.3,8.2,32.0,19.2,54.2,11.0,4.3,10.7,40.1,23.1,72.6,4.3,7.7,39.6,56.9,2.9,0.6,45.2,0.7,3.1,35.4,1.5,0.0,8.4,13.8,43.5,29.0,1.53,0.38,46.3,25.3,21.8,Cold,94.6,6A
MI,3.01,2329.0,2170.0,1578.0,2200.0,100.0,93.0,80.4,59.9,79.7,61.5,48.2,29.1,73.8,10.7,7.4,9.7,56.2,13.5,80.2,6.2,11.1,55.1,39.0,3.1,2.8,88.5,0.9,0.0,6.7,0.2,0.0,70.0,0.0,12.8,13.9,1.65,0.47,52.8,10.0,23.2,Cold,98.0,5A
MN,1.681,2328.0,2192.0,1787.0,2220.0,100.0,93.0,85.6,69.3,85.2,70.4,59.3,55.1,58.2,16.3,10.5,21.2,64.0,18.1,55.9,26.0,13.8,44.5,43.6,3.3,8.6,83.1,1.4,0.0,8.7,3.0,0.0,77.9,1.7,12.8,5.9,1.87,0.42,64.9,17.0,24.4,Cold,81.7,6A
MO,1.852,2363.0,2197.0,2028.0,2300.0,100.0,93.5,69.6,61.5,81.7,76.3,42.8,30.3,67.9,9.3,4.6,12.1,65.2,21.5,61.2,17.3,22.2,69.4,26.0,0.5,4.1,79.7,6.8,0.5,0.9,3.1,0.8,85.2,0.9,10.2,2.8,1.94,0.36,68.5,20.5,20.5,Mixed-Humid,93.6,4A
MS,0.734,2205.0,1995.0,1879.0,1900.0,100.0,97.7,4.3,,,,2.8,,80.4,16.9,8.6,11.8,54.6,12.1,81.8,6.1,26.4,72.7,25.4,0.7,1.2,61.6,24.7,0.0,0.8,2.3,0.6,88.0,0.0,6.8,4.5,2.05,0.35,74.6,25.6,6.8,Hot-Humid,51.8,3A
MT,0.309,2234.0,2115.0,1024.0,2020.0,100.0,93.1,53.9,90.6,87.5,56.3,48.9,70.8,46.9,3.4,4.3,6.1,53.9,16.1,72.6,11.3,14.8,59.8,31.7,4.5,4.0,68.6,0.8,1.6,11.1,5.0,0.0,42.3,5.3,11.8,36.0,2.01,0.33,71.6,24.0,18.6,Cold,100.0,6B
NC,2.936,2218.0,1996.0,1821.0,2000.0,100.0,90.7,18.8,47.7,49.0,45.4,9.0,31.6,78.1,13.9,5.1,9.1,52.6,19.4,73.0,7.6,23.0,54.7,43.0,1.8,0.5,50.8,38.2,0.0,1.3,2.1,0.7,87.7,0.0,4.2,6.8,1.99,0.44,77.3,28.3,12.1,Mixed-Humid,90.1,3A
ND,0.2,2567.0,2458.0,1872.0,2400.0,100.0,87.7,88.4,81.7,90.4,71.8,72.2,58.0,56.9,11.1,4.6,17.0,71.1,16.3,57.5,26.2,15.5,54.3,29.3,6.7,9.7,77.6,1.2,0.0,8.1,9.9,0.0,74.7,2.4,16.3,5.3,2.04,0.4,75.9,24.1,20.3,Very-Cold,62.9,7A
NE,0.553,2342.0,2199.0,1978.0,2100.0,100.0,94.6,90.6,73.0,88.3,78.7,66.1,53.4,59.5,11.4,7.7,22.9,65.9,22.3,59.0,18.6,15.8,63.5,26.5,3.0,7.1,84.6,6.0,0.0,1.5,3.6,0.9,88.0,0.0,6.8,5.2,1.92,0.44,61.8,17.4,20.9,Cold,100.0,5A
NH,0.369,2633.0,2211.0,871.0,2400.0,100.0,92.3,91.3,44.7,52.6,12.7,40.8,22.3,59.1,6.8,4.4,4.2,49.5,30.1,65.0,4.9,0.0,21.9,68.3,5.6,4.2,56.7,2.2,1.3,25.1,0.4,0.0,23.6,11.2,37.0,22.2,1.64,0.62,52.5,15.4,23.2,Cold,100.0,5A
NJ,2.148,2405.0,2122.0,1784.0,2200.0,100.0,83.6,69.3,55.2,55.1,34.4,38.2,33.6,74.8,16.1,11.4,17.9,58.5,42.0,54.3,3.7,21.2,27.5,60.6,6.4,5.5,69.2,0.7,0.4,26.4,1.5,0.0,75.6,1.6,19.0,3.2,1.92,0.61,71.6,10.9,26.5,Mixed-Humid,63.3,4A
NM,0.538,1959.0,1850.0,1516.0,1800.0,100.0,95.1,5.7,,,,3.7,,37.9,15.5,1.8,8.8,70.7,17.7,70.5,11.8,20.7,75.8,22.3,0.0,1.9,75.2,1.7,0.0,7.8,0.8,0.0,55.1,1.2,5.2,13.8,1.97,0.29,82.3,28.9,3.7,Mixed-Dry,47.3,4B
NV,0.72,2009.0,1874.0,1696.0,1850.0,100.0,90.8,4.6,,,,3.5,,51.5,18.3,0.9,7.1,84.0,11.2,62.0,26.8,25.6,62.4,34.4,3.2,0.0,84.3,3.9,0.8,1.5,1.4,1.2,84.8,0.8,2.4,5.8,2.16,0.4,90.5,36.4,5.9,Hot-Dry,68.4,3B
NY,3.485,2407.0,2041.0,1214.0,2240.0,100.0,86.2,85.4,50.6,53.6,25.8,43.2,27.5,59.4,16.8,9.6,16.1,52.3,44.0,50.8,5.3,21.5,29.0,62.0,6.0,3.0,65.6,1.0,0.7,23.6,2.4,0.0,43.9,5.7,32.8,11.9,1.75,0.47,56.9,8.5,35.1,Cold,62.7,5A
OH,3.542,2381.0,2168.0,1835.0,2100.0,100.0,94.6,80.7,48.1,74.0,58.7,38.8,29.9,65.7,12.5,7.7,10.8,65.5,20.7,67.3,12.0,15.0,44.6,49.9,2.2,3.3,84.2,6.5,0.4,3.6,3.2,0.0,82.2,0.4,9.7,6.0,1.77,0.52,59.8,15.4,24.9,Cold,91.5,5A
OK,1.128,1962.0,1765.0,1654.0,1700.0,100.0,96.4,3.8,,,,2.7,,86.6,15.2,4.4,10.4,70.0,19.8,60.0,20.2,26.3,87.2,12.4,0.0,0.4,75.3,12.3,1.0,0.0,1.7,0.0,88.8,0.0,9.6,1.6,1.85,0.29,66.8,22.9,9.7,Mixed-Humid,100.0,3A
OR,1.168,1986.0,1861.0,1308.0,1800.0,100.0,94.1,26.6,77.6,67.9,52.5,20.6,53.2,58.6,15.0,6.6,11.4,66.4,18.2,67.9,14.0,22.6,55.4,36.2,3.9,4.6,62.9,15.0,1.9,0.8,7.1,0.6,60.4,2.6,10.4,22.0,1.92,0.31,73.2,20.4,16.9,Marine,86.8,4C
PA,3.909,2330.0,2016.0,1387.0,2130.0,100.0,79.0,87.7,54.1,59.9,32.4,47.5,34.0,60.1,23.2,12.1,23.7,51.6,42.4,50.8,6.8,17.8,27.2,62.8,7.1,2.9,61.1,7.5,1.1,18.8,5.3,0.2,56.5,3.1,27.0,9.5,1.66,0.57,53.9,12.5,35.1,Cold,70.9,5A
RI,0.265,2343.0,1934.0,1155.0,2280.0,100.0,94.8,87.3,50.3,50.7,18.8,43.9,31.7,64.3,16.4,6.3,21.1,44.7,34.2,56.5,9.4,21.7,28.4,60.6,6.7,4.3,57.4,0.0,1.3,34.1,2.5,0.7,35.7,3.3,50.5,6.1,1.7,0.53,55.6,9.8,30.2,Cold,100.0,5A
SC,1.376,2044.0,1843.0,1743.0,1850.0,100.0,92.9,9.6,62.3,58.5,59.1,6.0,37.8,83.0,14.5,6.3,10.7,49.0,22.7,72.2,5.1,27.5,65.1,33.0,1.5,0.4,47.7,42.7,0.9,0.0,0.9,1.4,87.6,0.0,6.2,5.7,2.08,0.35,82.0,36.0,6.1,Mixed-Humid,74.5,3A
SD,0.252,2448.0,2267.0,1911.0,2200.0,100.0,93.7,84.2,76.4,83.8,72.0,64.3,58.4,63.2,9.5,3.6,14.3,70.2,21.3,50.2,28.5,12.6,62.6,30.1,2.1,5.2,78.8,5.7,0.8,8.1,3.7,0.0,84.6,0.6,9.2,4.9,2.04,0.32,76.2,27.5,19.4,Cold,100.0,6A
TN,1.961,2253.0,1931.0,1791.0,2000.0,100.0,96.5,29.3,52.9,53.8,48.9,15.5,42.0,74.4,18.1,5.6,13.5,51.9,18.2,71.6,10.2,24.8,66.3,30.3,1.1,2.4,57.2,32.2,1.1,0.3,2.1,0.4,87.7,0.0,6.5,5.8,1.92,0.33,70.6,23.6,12.2,Mixed-Humid,100.0,4A
TX,7.03,2087.0,1846.0,1795.0,1850.0,100.0,96.5,2.5,52.1,19.4,17.7,1.3,33.5,78.7,15.7,2.6,11.5,68.0,16.1,71.7,12.2,30.9,72.2,26.0,1.0,0.8,70.4,14.5,0.8,0.5,1.7,3.1,85.0,0.5,9.7,3.2,2.04,0.38,81.0,32.6,7.2,Hot-Humid,86.9,2A
UT,0.815,2461.0,2370.0,2027.0,2300.0,100.0,89.7,73.2,88.4,91.0,73.4,64.7,74.7,54.1,10.1,6.7,20.8,75.8,14.6,66.5,18.9,22.5,66.7,25.6,5.4,2.3,92.6,1.8,0.6,3.7,0.6,0.0,86.3,0.6,2.4,7.0,2.33,0.39,85.0,39.0,8.7,Cold,90.3,5B
VA,2.272,2395.0,2185.0,1992.0,2170.0,100.0,88.4,47.1,73.1,76.7,71.3,34.5,56.2,75.5,14.1,7.3,17.2,48.0,32.1,63.4,4.5,26.7,36.1,55.3,5.0,3.6,58.8,26.7,1.2,4.8,1.4,0.3,83.3,1.3,9.4,4.7,2.16,0.54,77.5,20.0,11.9,Mixed-Humid,100.0,4A
VT,0.169,2354.0,2052.0,401.0,2250.0,100.0,94.3,82.2,39.7,56.0,4.0,32.6,25.8,54.3,14.2,8.9,18.7,42.9,29.9,64.1,6.0,16.7,26.9,66.3,3.0,3.9,47.5,0.4,1.7,28.0,0.9,0.0,6.0,9.2,41.3,35.7,1.7,0.46,55.1,13.2,27.6,Cold,100.0,6A
WA,1.881,2081.0,1907.0,878.0,2000.0,100.0,95.7,28.8,78.4,77.3,47.7,22.6,61.3,57.8,15.6,5.3,8.2,63.3,19.5,65.3,15.2,26.3,48.4,41.2,4.4,6.0,62.7,9.2,5.7,1.6,11.9,1.3,37.3,5.0,8.3,41.5,1.9,0.48,72.4,21.7,20.9,Marine,76.1,4C
WI,1.741,2470.0,2267.0,1836.0,2380.0,100.0,93.9,94.8,48.5,77.3,56.2,46.0,31.5,59.0,8.9,9.8,10.9,58.8,19.8,61.8,18.4,7.6,52.2,40.8,3.1,3.9,88.4,0.8,0.0,6.1,0.9,0.4,81.3,1.1,11.3,5.2,1.59,0.46,49.8,13.0,26.4,Cold,94.9,6A
WV,0.51,2219.0,1955.0,1517.0,2000.0,100.0,93.1,54.9,50.0,66.1,52.6,27.5,45.4,62.5,19.4,8.6,20.2,36.7,27.7,66.4,5.9,23.6,55.1,42.3,0.6,2.0,55.3,20.5,0.0,4.7,7.9,0.8,65.9,0.7,23.5,9.1,1.69,0.4,53.6,16.8,21.6,Mixed-Humid,53.4,4A
WY,0.168,2212.0,2109.0,1278.0,1900.0,100.0,92.5,73.9,80.9,85.2,49.3,59.8,71.1,52.6,4.9,9.7,20.9,60.4,22.5,60.2,17.2,19.1,63.4,31.1,2.4,3.1,71.2,1.3,0.0,11.3,6.2,0.0,46.6,0.6,12.8,24.8,2.0,0.28,74.0,14.8,19.4,Cold,97.6,6B
